1,2,3,4,5,6,7,8,9,10,11,12,13,14,15,16,17,18,19,20,21,22,23,24,25,26,27,28,29,30,31,32,33,34,35,36,37,38,39,40,41,42,43,44,45,46,47,48,49,50,51,52,53,54,55,56,57,58,59,60,61,62,63,64,65
12.20663547,9.615467855,6.262386126,6.048586453,6.573969364,6.451151865,8.003986183,6.636346525,6.112384331,9.848712344,9.522827054,6.647074887,8.328979278,7.287604222,7.820372421,10.71826564,8.723610073,6.228170609,5.967511547,8.312893646,10.37278586,10.43559117,6.59986717,6.277622993,12.66468655,6.033571166,6.607248434,6.142013854,6.235025643,6.614707831,15.3853537,6.518171447,6.340986061,15.46595348,7.666059755,6.038021375,10.27064058,7.117647748,8.238492885,10.59165288,10.76608854,9.170374363,14.15768717,7.308494619,12.32129549,13.51880373,13.28761412,8.836167085,6.735418511,11.14696248,11.12466635,12.26777784,7.964297733,13.34103977,8.634564454,9.530053473,10.91174191,11.76085324,11.87564505,15.31003855,7.969192859,9.066423433,6.004032985,8.808452528,7.314257816
8.549540758,8.931371983,10.66098365,6.094878562,8.786541006,7.09479079,7.480815004,6.4984361,13.01118721,8.352919712,6.472884977,7.258281155,9.301214325,10.51201884,8.209663749,9.147815267,8.783151588,6.526821476,5.8465915,12.56042349,9.532960276,9.350000304,9.870416204,6.281537104,10.74547036,5.994174181,7.494764953,7.051650479,8.998613052,9.556194886,6.155449046,8.749026449,6.375259723,15.26814755,6.611145463,5.892677814,8.781431005,7.853225375,8.017228017,12.93524753,14.79475166,5.530278794,5.568454165,9.42330162,7.535116125,6.097265149,12.25241533,11.32449876,9.237314733,9.613797525,11.95279824,8.172376179,6.264086422,9.584656341,13.08214605,15.67197678,9.739784781,14.05785785,6.911973713,7.719639827,15.58741924,14.16731426,11.8118146,12.81475309,13.61164773
10.7969292,9.520103679,8.881737222,7.733863567,8.244063746,7.35533374,8.308220516,6.922205945,13.08127025,8.66984423,9.727652863,6.471602626,7.937496856,9.381383116,12.50492094,9.224721976,9.385828808,8.523999556,6.017991448,11.75954413,10.53764988,10.36117028,13.65427317,6.267338614,9.180318146,6.066403719,8.052011832,6.335639353,14.07986954,8.559765014,6.364313498,13.66739717,6.371987756,14.15007169,8.649913557,6.050345812,9.205167938,6.299735277,8.678802859,14.69585504,6.616617022,7.804098551,9.450656245,10.83114648,6.707117597,10.6032831,9.454187348,11.53096681,8.525936122,8.438615815,7.444244442,8.726627489,14.54122833,8.317736287,13.39936228,6.602218527,8.317455879,13.03969463,6.615666683,8.859119428,14.38368543,13.20996759,10.38428883,15.45289895,12.99682358
11.19263282,9.446183278,6.275374577,6.093882714,6.857114154,6.559314203,10.15876179,6.787107953,13.36047703,10.85411175,10.65425329,6.572627252,9.422443149,10.01863513,8.470345596,9.904602921,9.9905763,6.738020344,8.077724419,8.508226517,8.211047192,10.19786671,14.4893132,6.295681819,10.25354192,6.038300572,8.695023278,6.113493683,13.30408354,12.38811178,6.161600779,14.39737112,6.330584691,9.112473831,10.15377862,5.958534893,11.55005014,7.7692532,5.884539465,7.511605443,13.28980061,5.092053006,8.232893897,11.29134946,10.71019301,6.106625537,12.2719613,6.974855245,8.416122848,8.69959939,5.919666348,10.62133132,14.30933705,6.533092195,13.81972731,9.940219099,15.56067379,6.526702006,13.83494986,8.852692734,11.28808705,6.062768336,13.01000741,6.386362905,14.43684244
9.105047533,9.708509039,7.946390489,8.184556897,9.788898461,6.495760708,10.01508153,7.59633678,6.10247773,9.157460876,6.797961251,8.863421165,7.699837508,7.723132207,9.861925453,7.578195943,9.39870636,7.4741006,6.327879447,12.49505021,6.99580226,8.235112264,14.45388251,12.36624676,9.806054749,9.346394736,10.06759869,7.33911941,9.694567963,15.10624993,10.60979485,15.02516145,10.91117892,13.52945735,11.98475186,5.992064096,9.850234741,8.662410865,7.565770274,12.39984143,7.816611393,6.35360009,6.286592782,5.057374111,12.88077285,7.428314222,12.81777938,6.852796271,8.955421411,7.942474599,6.505141601,8.770625971,5.549620886,5.404247313,7.148185327,15.53394033,11.40984833,13.20042582,15.60735177,13.03777956,9.373084476,14.8254591,13.98507509,8.676445968,9.258313362
11.74458823,8.392225545,6.718003163,7.881586489,9.99206717,6.137160724,10.6802991,7.007651588,5.992260918,9.15874488,9.426115256,9.742336674,5.996428554,10.972987,6.983908705,10.11507718,7.74020818,6.077063052,5.915521203,12.43644883,8.648623877,10.6398578,14.25267628,6.258262594,7.270778312,6.039341767,6.660766966,9.288705624,7.015710668,8.430152717,6.048815542,12.36086615,6.325901298,7.875595886,10.11441406,5.939967263,9.736455964,6.356955267,9.958591898,11.0384918,5.516123236,13.0300825,9.727042962,10.80820431,10.76679887,11.43756414,5.964477309,5.600696045,10.23294574,11.67915911,11.04655412,14.91833467,5.073387851,5.756356455,11.40062044,11.72899604,9.354737398,10.84885181,6.486554415,11.406521,15.97608487,9.132451794,15.84264406,12.15156709,12.00505968
10.95708698,9.089853677,6.996852709,8.451286619,11.54711654,7.319676023,9.846641409,9.35835451,6.104569122,11.19543576,9.892482214,9.031760742,9.839458097,10.0868895,10.72665284,10.10961204,9.611721148,7.273095131,7.61028843,10.51565674,7.580481622,8.360837575,13.91722027,11.01093813,11.80389576,6.168786012,8.84465669,6.231514523,13.28534942,14.27942752,10.45350895,13.75528541,10.35678535,12.81285613,12.21486644,6.076916698,11.82741311,8.867200286,7.690083721,14.24392827,9.431907057,6.935269963,13.99294283,11.74378248,10.83923089,8.851982388,8.21211627,12.87398206,13.19345182,14.76677974,11.41892952,6.940741567,11.95923537,8.310566463,8.305894096,6.091534383,11.40276603,7.927950557,11.74427045,14.20700092,8.313566937,12.49003181,12.62547594,14.83901045,12.72814909
11.32158855,8.876268885,9.744753525,6.187889144,7.280049121,6.770911557,8.587183317,6.52908502,13.15139202,8.417146176,7.486802748,7.495236143,6.415485026,8.437892523,11.11677262,8.944598218,9.456522718,7.081479816,6.002366843,11.36091052,9.460264034,10.39986312,8.579075279,8.245536263,12.40155283,6.104946845,6.531142367,8.543750593,7.300839507,10.20356191,6.325901911,7.848964814,8.321951342,14.79686953,6.669124123,13.12345647,8.943338573,6.370686113,9.184410092,11.48213195,10.17855894,5.150078705,10.55037866,7.71325123,14.88029638,10.87826525,6.524294734,7.609687485,5.175111094,12.30943277,7.821270269,6.22692849,11.72976156,11.93153284,11.43699702,8.353156258,8.951509675,14.85012167,10.81422652,7.174797467,9.275388186,10.7591746,7.632117215,7.188837183,11.27641225
8.479905054,9.090821669,9.630028363,7.894852306,8.072044827,6.802148878,7.402556677,6.577630985,12.99627472,8.817436228,8.479498198,11.66531351,6.55370411,9.236609205,8.435405239,10.01111139,11.47335237,6.823970462,6.265892721,9.789695269,8.324843892,9.598989614,13.92752107,6.238734399,6.635614523,6.08514927,8.022966627,9.129566981,7.975784578,6.821831875,14.70199469,13.97106425,7.248679409,14.75031221,6.676666602,6.084272538,9.458982338,6.270900439,7.86674891,9.232528573,13.83242371,6.016617473,5.500182216,7.470594335,10.92053225,5.017436091,13.33316896,9.291753618,13.46974346,13.59499297,14.93775678,9.643256019,14.45268083,7.025170601,13.49135234,8.029684279,15.42379893,7.198054056,11.55885511,7.61105236,7.748920858,12.62560804,15.90622735,6.913796755,15.40471672
8.730174341,8.687194677,6.274974474,6.968743008,9.743024088,10.20095944,9.801082612,7.883387262,6.216888361,10.29629841,10.50595392,9.951736495,8.298679268,7.922564614,11.5600666,8.017502236,8.979770636,8.257640415,8.669677081,10.82772412,9.292885666,8.337313067,13.10386271,6.218479312,12.60783621,6.119767832,9.115182875,9.479477767,10.4390644,13.38166904,7.167346195,13.57205767,7.265621228,14.76108182,8.44545917,5.94406992,11.0392959,8.376960174,7.397826524,6.206413426,13.77862759,8.586834231,13.9826192,13.31257776,5.09271658,6.370554136,8.883578852,10.83386655,12.44291906,10.24579268,13.75671155,5.35881778,10.88768946,6.610881146,13.72860423,6.985807343,8.708364257,15.59655717,15.6180633,12.65368447,15.75266893,9.377076155,7.263942285,14.61182752,8.656726725
7.420056012,9.759294066,7.153672154,6.060450499,9.843794995,8.798404607,10.41213436,8.951506171,12.84565356,9.333744496,9.856018779,6.19352081,9.423827574,8.956237207,10.55381296,6.347109832,12.80068372,12.21963495,9.101326953,9.549421833,6.746067875,8.389691138,13.53940866,6.27627505,10.21402438,6.013691303,10.37507617,7.66172731,14.03519775,14.40091287,13.48980897,15.28751946,10.879589,14.2189551,15.93948879,8.119643409,9.965614524,7.566079078,6.137036944,5.686828997,11.17761029,10.66434143,8.125351584,12.17716413,12.44174107,5.056116907,10.09351033,12.27421075,11.74136903,9.029923503,8.690132461,12.2100085,9.158763678,10.85061421,14.77044321,14.15688439,8.09821495,9.523204259,6.921555115,8.955778737,11.73146548,6.870314012,14.50340846,11.68989255,10.92535684
8.533311288,9.690368282,6.318520041,8.857990762,9.724820133,9.991066394,9.679848628,11.11168968,6.168919577,10.35356066,9.567315456,6.866681208,9.596164676,8.076345857,9.673899826,7.857123229,12.01058781,8.739705048,6.906184257,8.694350103,7.240922301,7.935312544,13.74360457,13.2693449,12.97843119,6.01572106,10.07544936,8.554095174,15.30236774,15.80687097,7.251986517,14.87798042,7.799975693,13.32090896,11.59588718,5.940161784,10.96164559,9.770171492,6.201968535,11.42889702,7.382822237,7.703008081,8.927314745,14.53481677,13.79992993,11.84322143,8.895341146,9.326904134,7.503701784,8.899835648,9.888468506,6.590904302,9.543263759,10.79698201,6.66624704,8.519672436,7.195041947,6.098982656,7.574395793,9.822032162,7.52962358,15.5291094,10.33011158,9.245213828,6.467622965
9.275324963,9.718965997,6.558056213,8.802731132,8.908172445,11.33691542,10.87733594,7.160486228,13.36299611,11.35005532,9.82956985,6.708313462,6.740402162,9.322612448,11.97200766,9.594700381,9.755054317,7.258246312,9.991773759,11.03007604,6.198938106,9.795062715,14.00965255,6.190908674,10.14647328,6.134201477,10.75559881,6.144608739,6.13676137,6.744274519,7.952203431,14.00198422,6.328375398,15.24424275,6.212279294,6.025393447,12.05923311,10.38592106,7.418033394,12.52226289,14.31521806,13.2390815,6.736961298,7.85469824,8.390598428,7.485451759,9.927500752,12.73921631,11.32098213,14.16352345,12.62703373,11.12164505,5.361732915,5.479054567,10.13781288,9.434429276,11.19088913,13.05559404,11.40184467,13.36959025,13.61340251,14.83303465,13.32886646,10.66422131,15.03513769
9.354661481,10.2169297,8.671612683,7.636153357,11.1426848,8.339162137,10.43552238,10.21928551,6.011337511,10.59244522,9.401810173,9.177084708,9.444584172,9.732199482,9.315763483,6.573073823,9.227557498,7.194248415,8.981549402,10.3457369,7.582550318,7.143226177,14.28688323,6.258159293,9.767582347,6.003697269,8.52067336,6.196505097,13.39894309,10.55218369,13.03915347,14.12019939,7.112687528,14.97161378,8.260040611,6.027379674,11.23329703,8.725779167,8.917096321,10.72619017,10.18529977,12.9548438,14.92007424,7.614918801,5.778862562,10.38988048,7.508826179,10.58432571,10.3060082,11.32664588,8.413415984,14.96516765,10.04429336,14.00573213,9.484940839,7.166128484,12.39430837,11.2186484,15.14760405,6.372434666,14.50575461,11.11556952,10.44885612,10.60969344,11.4011349
8.773901403,9.868585091,9.905698098,8.691406017,12.31833298,7.573989371,10.27830418,8.512183446,13.13132225,10.68535815,7.118567453,7.97438466,8.328230859,7.189212203,12.55915508,7.193769919,9.165319752,7.682339729,9.288464865,11.50918754,7.959655539,9.167124103,13.91747551,6.258864153,10.76807914,5.980921444,9.350032071,6.302450249,6.280240779,10.79086426,6.205153425,14.29376753,6.300916849,9.004340058,10.71810344,5.921288363,11.34680182,6.961753963,7.270144603,10.34126682,8.908553969,10.09024677,6.510412539,11.07284785,10.00921292,5.622642902,9.70685683,12.12110566,9.723828177,8.380040871,12.85371261,8.727096738,9.333503866,6.684651226,8.530582368,13.22046965,15.74558326,12.87537523,12.41322496,10.70335403,6.202497963,14.01905344,12.92833477,15.51783979,15.46370209
11.97483516,9.65451008,6.334140464,6.083435712,6.621625593,7.72107107,7.775889571,6.5895203,5.93189655,7.312043915,8.408237698,12.15516048,9.54906668,7.348738674,9.16620451,10.1144041,8.862307982,5.971205843,5.890800448,9.827893149,9.092464027,11.32158895,14.02157016,6.218494522,9.755606113,5.982950686,6.951470029,8.484867372,10.67026826,14.63078873,6.173140947,13.76213769,6.375830065,10.18612886,10.84140018,5.920590289,7.510812639,6.656464312,7.851118705,9.43463915,13.56595697,13.42390708,11.16301293,9.98363602,5.509844027,14.0953824,6.113797741,9.568798214,10.79911189,13.86517923,14.73312247,5.554450478,6.621211108,9.98625858,9.550055502,7.517182258,7.460891764,6.346075988,6.810918831,15.47455826,10.28546153,15.89433714,10.10845343,13.48797881,14.4182521
8.756299857,9.992909645,10.01881884,6.070778406,9.212158949,10.48037669,10.03734609,7.239308486,13.6355989,10.81180465,8.961142809,8.794951999,10.53020832,10.57083706,9.358639658,8.085149765,10.68508852,7.499770033,9.214406959,8.319058086,8.744369816,9.384902842,13.60755027,15.85574846,13.15577012,6.022611706,8.914541786,9.331021158,6.269603063,7.26967781,8.578821432,12.89635032,6.38551513,15.22721681,7.093794539,5.840194978,11.5757378,9.958774856,5.97723145,10.77793567,14.77688214,5.228248422,8.329837155,9.51790838,14.50866876,7.606666232,13.97156118,6.437769977,7.363620359,12.63170776,6.628229453,7.942270704,10.55242907,6.476720523,10.00547296,13.74503066,9.082635489,6.121844036,14.41094117,14.23999814,7.524453263,7.096196887,6.126917919,11.61322019,14.40643844
8.822801269,9.361381175,6.210701591,6.282142372,10.95298622,6.572932931,10.45194586,6.901625536,6.103623556,9.779711335,8.600287844,6.391965803,8.718665457,6.734214622,11.68549975,7.590984116,8.631845812,7.023309969,8.658607846,11.0563262,8.352586882,8.282472546,8.532055212,6.398424586,13.38665808,6.14925262,9.777226994,6.066719497,7.448712919,9.81467316,7.351739749,8.895475896,6.349953753,14.72578892,7.552490247,14.96220287,10.30853919,8.400457802,9.420299905,14.77357506,8.603245867,14.35673686,9.725241163,9.169189138,10.38902146,9.385757244,7.169492794,13.0648402,14.59817779,7.275928005,13.46126418,7.006753585,9.012550388,12.78825497,6.427494391,13.81251254,9.627956731,14.61674494,15.05344415,8.646220983,8.564845374,6.834702477,12.8474142,12.99149881,8.313382099
8.477493451,10.93360605,6.425192341,6.870975973,11.93781036,9.852065053,8.551256292,10.17739579,13.29151244,10.89960159,8.352395547,9.975379421,6.1066225,7.453290765,9.990541435,6.846591325,8.555662981,6.902439994,8.360006918,10.57494192,7.903390682,7.604909852,14.49829113,6.27326983,10.81383157,6.076838196,9.424936155,6.154681051,6.976876561,7.808690612,8.760120181,14.572995,6.408701219,15.25435215,7.309470744,6.359837412,11.5822024,9.249802435,8.058575383,5.706828479,8.567983725,11.82934458,9.955206991,5.508324904,9.850455339,8.241328928,5.912986416,8.367414929,11.99682277,6.746511532,5.344500004,11.35189557,5.178553492,6.494388659,12.0844322,15.46018409,13.60323699,9.061883869,15.01609295,10.4940482,13.3872851,12.5793092,15.60985263,11.94674606,10.8597026
8.790404277,9.474070988,6.243980238,8.675198603,11.69709386,9.830523779,10.54854111,9.756624368,6.006056338,10.22007589,8.759811856,10.0017001,10.01172958,9.928893009,9.313748305,8.126232068,9.443571583,7.411734461,8.724159135,10.55336374,7.215526847,7.899269186,13.70595967,6.266248146,6.290391288,6.133832863,9.520996752,6.1617073,10.32407518,10.66349728,6.982132306,14.18548501,6.373901149,15.36125291,7.650827148,5.938421596,10.88589823,8.626555357,10.91595034,6.362662599,10.258811,13.42919218,5.666521988,11.86199365,12.89218433,13.09806578,8.181008366,8.368394598,9.219122056,11.26665835,13.24514571,9.494285977,5.577462199,8.82459393,8.704843865,7.88361407,15.87159158,12.15613332,8.248923404,11.29440854,9.840233812,13.96077058,13.53273086,6.9506437,14.52501236
8.563032037,9.589528325,9.970957243,8.112673185,6.289225778,5.952738319,9.62219125,6.165707824,13.03835045,8.009910471,7.03707576,6.050406518,8.592500919,9.396288284,8.838616848,8.718823354,11.92240351,6.437336612,6.012815003,8.974485151,7.045230465,8.89875531,7.376521657,6.288973899,9.991490372,5.998012109,9.243834212,7.267231252,15.03377766,8.904145338,6.131783333,7.099577656,6.403299459,9.059682273,9.208127397,5.990779146,8.460240077,7.812161027,6.765487045,9.430093744,9.76917722,8.522214235,13.12698827,14.40453208,14.25899968,11.31176002,5.54848338,14.90505773,10.84506096,7.339119411,9.114336856,13.45174635,9.706165374,14.9658523,13.00886679,8.018246725,12.83779466,7.972796882,7.830220418,13.97240397,6.867725872,8.330765843,15.62770849,10.94270174,7.996304474
10.79447157,9.187691573,9.21035326,6.183396506,9.389712565,8.670979639,9.534327067,7.382508099,6.080288053,9.78729844,8.765317096,7.963795459,8.934006497,6.81185972,11.47552642,8.690657856,9.142793479,8.843501604,7.821066776,11.92981357,9.869387487,9.928089534,13.6886252,6.24739373,12.32285291,5.989533194,10.35138621,6.108245321,13.2090385,13.78092488,8.615694975,11.90115972,11.79744311,12.58085496,9.748956128,5.93586855,10.43830931,8.425626465,10.13740728,8.091879918,13.82446988,11.73705683,12.87536328,10.05373015,11.97917314,5.93169,12.77538419,7.399098901,13.39808865,5.153952257,12.2957663,11.95596274,6.926790825,8.520113053,10.61413893,12.94745136,9.011836181,12.56620238,12.9043949,12.26688997,12.40152117,14.92076691,9.920116136,7.151262717,8.468755841
11.48443253,5.989456054,6.300321206,6.109268848,9.600952412,7.053050371,10.58900538,6.905771997,12.48940015,10.26611035,10.13646375,9.214214262,9.869226632,9.49564374,9.187439069,9.067071497,10.50998203,7.695347373,7.718403953,9.035464488,10.68092575,10.38476831,13.38983918,6.292344251,8.041126039,6.076497191,8.760952928,6.420168516,13.70010494,10.34134795,6.15117937,13.12059545,6.383243515,7.763182951,9.113912943,5.955523138,11.01678015,8.713881786,10.44304093,11.10841878,9.18499097,13.42680928,6.006399326,14.17333974,14.06957278,10.88834964,12.61626722,14.62072222,13.22166172,12.68525794,14.41728869,9.793972573,14.70560371,11.24474853,12.80633579,13.5174482,7.429751434,14.44292528,7.444337026,6.641228876,6.5398689,10.52428692,11.25782349,10.75806702,13.2544844
10.43345673,9.848846877,6.272099744,6.288165752,10.12575388,9.593362639,7.48591627,7.301288319,6.204331046,10.46959112,9.704530376,8.113637045,8.779785857,10.55675325,8.430924453,10.33525868,10.34866437,6.579381722,7.206578415,8.752043351,9.481426322,10.43282087,14.10105466,6.211090318,9.892982431,5.967227567,9.263471098,8.78416608,12.51071434,13.97585046,9.253870688,13.49675233,6.367271609,10.6573685,8.04874327,5.850205442,10.9277876,7.693512472,8.235568785,7.016241201,10.91208973,11.55041868,5.908619722,14.4476636,13.86909754,14.40523106,7.821224032,5.98212776,5.243615501,11.2387663,6.106019386,11.35593983,10.75485653,14.14012377,8.389110201,11.56351924,13.11706228,12.13936193,6.462677144,10.48912882,14.3019866,12.21900975,6.006066237,15.42624968,12.03171045
9.371889582,11.23650792,6.321768216,6.380838106,11.6985414,8.826303519,10.73299027,9.906637239,13.0376814,11.49005249,8.487497417,5.970593761,9.2186357,9.523479035,10.7775849,8.0145375,8.414876891,9.153044203,9.642108276,10.98279342,8.834124278,9.526664322,12.58530237,6.217371474,13.62566492,5.958388351,10.14789403,6.96329579,15.35588827,10.61593519,7.788234768,11.32299625,11.84521062,10.51428988,11.92763641,5.938704549,12.27672058,7.792378497,7.693567802,7.778124497,5.512454086,8.671720922,5.956232238,14.2970144,13.24522357,11.94947456,5.591451605,8.535251273,14.40899765,12.46676092,11.10547962,11.64330689,6.393958223,8.131368109,6.705288062,7.361928189,6.652288706,9.421786069,6.119914107,15.20279379,11.41811944,10.56500534,15.51720685,14.48279022,12.78742247
8.816993621,9.822553345,8.786886096,6.394062643,9.831887563,8.55397248,9.478490338,8.145118647,13.24108169,9.803083546,8.95083819,9.552023312,9.000743372,7.484212624,9.605122369,8.537490909,11.30343834,8.443577048,8.182687415,9.527624118,9.849063274,9.846021249,8.693587519,12.5635565,12.98398003,6.015465251,10.05565032,7.656353896,8.823252109,12.99683275,6.239115117,9.71225258,6.48469871,14.81310961,7.678048595,5.904157019,10.46674552,7.206031558,7.622313658,12.81193028,13.0650516,7.919151655,7.811270547,9.303708891,10.96690584,6.210023179,7.765876527,14.04919534,6.267430377,5.109419497,8.481199709,7.916073578,14.55020874,13.10846311,12.35511144,11.88340791,14.95944529,9.830797595,13.48415733,9.780552251,8.087158719,15.53962081,9.151308696,8.957349219,15.3962456
9.238861,9.538541501,6.275025023,6.058410687,10.88935282,7.87882879,10.04148534,8.480341512,13.1067031,10.12456003,8.834822293,8.518701045,9.338704829,8.663348728,11.3730888,7.934909312,8.465461962,7.752348731,7.384912566,10.56982274,8.546159312,8.916796451,14.20408906,13.01775273,11.89170731,6.052672013,9.330169213,6.633654881,14.97546764,9.059294114,12.86617181,14.09173171,10.96744667,14.35740495,11.36065213,8.575433768,10.82460791,8.755496478,8.20157388,8.597267857,12.84626973,9.845646212,6.483410085,14.12930777,6.411644253,8.14765546,11.08202404,7.845668613,14.85125995,8.173892768,12.99435272,7.71152033,14.25626655,8.7319482,8.521619317,9.252992737,15.97199863,9.219601773,9.874342805,10.9873878,13.77072706,7.627744988,12.11436569,15.80842669,12.72080785
10.66041529,8.935527344,9.490278493,8.221158987,7.613161453,7.672431096,8.807331875,6.915619701,6.113712444,9.692170454,8.605056563,8.26949434,8.976482269,8.687677016,8.725056259,9.953746862,11.665986,8.539281283,6.888162875,9.136900671,10.33839632,10.63543345,12.41192714,6.189815486,12.41318161,5.966400113,8.774244648,8.334221184,14.01017385,14.19357242,7.231005615,12.98866345,9.619130815,14.62991453,10.37146496,5.947767404,10.25317156,8.031624175,8.403505866,12.40012158,11.69480557,8.470124598,14.31729202,8.729912469,5.28921264,11.17295407,8.287612703,7.068609227,11.41418732,7.144413204,10.50473358,10.27818594,11.29163,7.972936232,14.69006108,13.89757797,6.189889378,11.61544244,10.43397037,14.34740938,13.21731201,12.6973152,13.35564259,10.83105402,12.26596923
10.79733583,9.49846662,6.251614533,5.95647329,8.633733427,7.757007551,10.71369957,7.401995385,6.05829715,9.710922601,11.35088078,7.965152716,9.142912417,7.287249992,10.80360736,8.688476431,9.072328572,7.893127561,5.939293447,11.32006923,10.89834191,10.29694625,12.60593745,6.250692201,12.13365538,6.092198625,7.016314937,6.142218232,6.21554547,6.453972685,14.40371037,10.83684769,6.396118393,14.28398802,6.120317724,5.902365647,10.33248167,6.124281776,8.912558637,9.205061856,8.575535151,6.538365693,11.84566065,7.261877412,7.893012157,5.385650804,12.30362731,7.318287347,13.38594176,9.946801991,13.74238935,10.82710228,12.55196526,6.313700317,10.15607537,7.337538061,9.034917931,11.49964846,12.44069316,10.7399089,13.97928005,15.69491568,14.77065836,8.484198548,6.361827875
7.684619259,10.23170144,6.180910147,6.044463196,8.328220737,10.21342423,10.13869035,8.851036069,13.00792261,10.26399565,10.98708515,6.077667127,8.934170263,8.631212952,9.862864438,8.306898638,11.02241172,8.116948176,6.153294397,8.748732335,8.271572548,9.93057922,14.49858512,6.302643492,12.44770582,6.048567955,10.15200192,8.438283955,6.221317845,6.462701834,10.89220716,14.04706345,6.377704342,15.51704933,6.110925077,5.997368031,10.9557591,8.549715538,8.406781933,13.56966458,5.278323663,7.917637499,9.633531577,14.22588258,7.562617124,7.936230809,9.484956947,8.780092457,14.79906452,9.026369448,11.79819487,12.58403394,5.86251715,12.77110869,10.96837414,14.92439111,6.152824179,9.251374268,6.718978397,8.514581622,9.942360592,10.29367272,12.82253273,6.531668509,11.44740343
8.892436297,10.43569118,9.160177431,6.941404855,8.93055245,7.628489137,10.01025558,6.827338289,6.223845533,9.670516208,9.122831811,7.136550031,9.449866267,9.829336268,11.14656933,9.020351316,8.578762956,7.268507951,6.362648507,11.18278396,9.116889729,9.202348195,13.28097741,14.50093293,10.86162311,6.072604077,8.602763029,6.132316832,11.0928019,13.97119967,9.658511147,12.85291453,6.935504098,14.11267232,11.60008526,6.054969277,10.33045817,7.132471196,8.571167325,9.132852736,13.19234888,5.100661633,14.31439562,10.97982226,6.587175911,7.61797474,9.924120826,12.25523013,11.83166306,12.08753362,9.680690237,10.29415407,9.690136139,7.759308165,11.25507893,13.09791982,15.17216293,7.587563695,9.523702198,6.661465593,7.22705447,10.81703059,13.78922105,13.34485118,6.457693196
11.05794652,5.991766774,6.349852569,6.170911734,7.851033118,6.638398714,10.91712219,7.63205285,13.05067308,9.997625041,9.579292447,7.718472287,9.678913548,9.053519271,10.33111132,10.37285053,8.39613179,8.505275174,6.102856768,11.12113912,10.9394628,10.05168014,8.370378216,6.254483706,13.27662687,5.979448166,8.619043119,6.517380251,11.90612565,13.90258986,6.339844789,7.54237044,7.922740773,8.724313984,10.65770141,5.888200739,10.63130844,6.621377946,9.551959039,6.831150418,9.14620291,10.78043454,13.22082399,8.604465099,9.202713876,6.531211641,7.467924622,5.051611783,6.603994304,13.30776518,11.40871502,10.19460883,8.738238499,9.786988089,10.07033523,15.55992108,7.574444738,8.290483054,15.0091744,7.07929378,15.42357014,13.97750608,7.183868877,15.95906479,13.33249844
9.819864638,5.987438969,6.157411895,6.224077935,11.14483312,6.583721873,10.9138705,9.242187211,12.90496318,11.03417506,10.9519853,6.313576874,9.471206381,7.886061373,10.19242817,8.585075923,7.699608569,9.099947738,8.180809533,10.5109734,9.3429402,9.94250036,13.83250435,6.226468277,10.27508323,5.999794158,8.925442926,9.184271097,12.37414946,14.49710128,6.732771158,14.92120793,6.33693882,10.20399854,9.662497098,5.934326853,11.71547565,8.351356207,8.656500469,10.03876226,11.65861288,11.55931336,5.626188871,7.821606721,7.997980341,8.219823604,14.10550925,11.36651722,11.38656274,13.77459418,10.8269586,14.13148164,11.04131101,9.746614199,9.898899117,6.845472843,10.03017717,8.663874009,14.31519349,12.89604331,15.26510221,13.80172545,14.6226099,12.45336291,13.27227774
12.20607963,8.86971818,6.374569572,9.615158425,6.733453571,9.901985052,6.494143998,6.508146019,6.07313356,10.18307117,10.70770606,10.96851174,9.350418188,9.729374031,7.999173058,10.23587205,8.878365545,6.119295922,5.863946828,9.13722236,9.81255472,11.27075411,6.432479988,6.203904288,12.28286106,6.05538759,7.721603302,6.0248608,11.7274505,10.37959759,6.235919958,6.418851245,6.294152711,8.894998638,7.674153723,5.910815271,10.84960954,6.478133999,8.885639491,14.16795766,12.49678975,8.260321792,11.4275665,9.511050044,9.091972623,8.482458217,8.566047316,10.53142424,10.34953912,5.848524256,14.24595336,7.925740203,6.794530125,12.26733723,7.338762883,14.89285999,8.621983758,8.484608225,12.35920663,11.27845974,14.62390583,9.260084284,13.39622098,8.772426871,10.12891113
7.387087012,8.159312052,6.41635527,5.920827612,9.88589025,7.501983071,9.160120475,6.561742593,13.15341184,9.507850762,7.43494634,6.881924077,10.05590689,9.520369704,11.20367016,6.473937875,9.743235181,8.206003587,7.603887543,11.88872321,8.491349117,8.670826197,11.14802143,6.684619128,11.77241235,6.063782552,8.427504262,6.0716705,12.14895611,14.02747576,9.040895963,11.27634932,8.54076994,14.67991551,11.31748991,5.96720057,10.09449807,7.451282703,10.15912138,12.28280385,9.2393052,12.86787344,12.3831363,9.936618141,7.161719336,14.69664324,12.21673045,14.44758928,11.62731891,5.303900468,5.602438226,7.151595878,8.613571613,9.002208654,6.574433785,12.50189884,6.842301033,14.72744517,7.49515918,7.499319896,12.20780819,8.331138458,7.888333622,15.26734796,7.596214103
9.833221143,9.496139996,9.798667764,6.191083214,7.822763587,7.849503085,9.678160238,7.31869606,6.115215186,9.886238598,9.119776072,6.947575318,8.936409081,8.385148693,10.66645442,9.09379951,9.632907458,6.806347104,6.275742786,10.8367718,9.723770771,9.595028673,14.44701142,6.217674974,10.9636598,5.991955262,8.641682403,5.991585704,10.77238382,8.01055953,6.89261961,14.60525736,15.02134047,11.49002341,9.520316286,5.974416052,10.58956226,8.261863563,6.052890049,14.33771861,11.76198875,11.42475632,11.74737926,11.22167836,6.994256799,14.08289289,6.291455324,8.340884647,14.88307802,11.01036378,9.807447176,7.832277729,10.38945499,8.804906728,13.61160378,6.13849152,9.200051442,6.639744161,9.738736208,12.99332946,7.395422441,14.75233924,15.82004305,7.303929,10.73139526
8.855688339,10.45273683,9.385678002,8.746745247,10.84886414,8.961667492,8.222243492,10.83338636,13.42930417,10.32766385,8.252485518,9.248958781,10.19956541,10.5930532,9.825124894,6.797528916,11.16179526,9.422362929,9.160560524,8.053840093,9.284253536,9.108372562,12.31600401,6.348667876,13.44865222,6.102899402,8.889452589,7.76273075,11.66447097,14.97963766,6.300663503,14.02724242,7.712417745,14.30281248,12.27316594,5.840588929,11.03706758,9.681913422,8.334588765,14.3082678,5.245103482,7.966097505,14.60039649,14.16006347,9.787480438,7.692954282,13.01527494,14.35382111,12.14581081,13.3267176,8.480480774,5.881343042,9.113101678,14.30962002,14.21240683,11.50447582,6.993655848,13.31225208,11.31564618,11.56679307,14.62262396,15.9701115,14.75937614,12.90919339,13.1520622
7.913585007,8.020027173,6.882639118,8.975648564,11.35012412,6.269089529,9.148389239,8.688224745,6.087043157,10.39913427,9.434316633,6.418486882,7.038837178,8.861549677,12.89356402,6.900619413,8.98437392,8.389837422,8.989862708,11.37896059,7.748598888,7.103742228,13.68933678,6.454534519,11.90160951,6.182657131,8.416018303,6.749695987,12.8502896,13.5203543,6.721356847,13.63521882,8.266407225,10.40688047,9.898386341,5.979848786,11.03187253,9.559793214,8.169357539,7.536889811,12.8132125,6.580249998,8.569301791,7.278297455,9.834515699,11.63632888,9.175726096,8.799980241,9.434109754,13.72097315,5.428973108,8.61478088,10.22623123,13.34658101,12.67954964,8.551326465,8.648963523,12.67246437,8.04596604,10.80442396,11.05796816,13.28810236,6.303672873,6.895671172,7.998733273
8.325271729,9.472508431,7.629264392,6.82368961,8.119247201,7.322071833,8.412771666,7.31727954,12.54514942,9.214171091,8.49642773,6.404309953,8.756376074,8.58309838,9.938857302,8.249415441,8.528838484,7.384319312,6.279955861,10.85395502,9.526025144,8.727476357,13.52894659,8.44044876,12.50553038,6.100137436,7.795087211,6.642214914,12.76527407,15.15148704,11.78077374,14.36476212,13.14199243,14.04499217,13.93245745,5.970949711,9.945875636,7.933207682,7.014851273,14.92389394,7.916152412,12.58041953,5.371364234,10.57100081,10.4862563,12.14738587,5.844182184,8.902632233,5.566448728,9.378576041,6.638346128,5.736173573,10.14695738,13.53713067,6.037148271,15.20827857,9.292856326,10.66930938,7.640115448,11.69318142,13.64048061,6.07842951,7.022720647,15.41921031,9.25897038
9.227263426,9.811120145,6.363412516,7.684122049,9.025352519,6.603433025,9.650851939,6.577853848,6.186742159,9.691479812,7.957609932,6.690146759,9.498026097,6.783780896,10.20381713,8.700533189,9.083230955,6.590395546,7.12380125,11.0433647,8.656214992,9.226588975,14.17103692,6.970771042,10.59909438,7.906412276,8.762179245,6.139839061,12.94302353,14.57170997,9.026402586,13.82911241,10.97970832,11.4372197,10.35890162,7.049026622,10.32149219,7.925913907,8.400822576,12.8262656,9.13943002,5.208321984,13.47334334,9.494128698,7.77169175,8.673121205,11.12849826,14.1400173,12.09753903,13.73309263,7.727889102,14.80776592,8.955904294,5.42672528,10.51090493,8.308454809,9.619031662,10.24375013,7.448610555,6.904401089,14.79011357,12.46469623,14.95360559,7.314768253,15.04820229
8.339768619,10.06635534,6.47411694,6.204149321,9.492444824,7.889863647,9.989688749,9.213655013,13.00765552,11.31467441,6.736645633,8.711251035,9.665037277,6.969629886,8.654396157,6.375279396,10.02550977,6.426402016,6.756767011,7.836883213,6.729725892,6.226886544,12.97039851,6.180248678,13.43094111,5.9987033,9.98848697,6.771995932,7.082678484,7.300704737,9.65322845,11.01423243,15.87462489,10.31325262,9.690682028,5.89996672,12.04777322,9.972672107,9.227506329,14.63569067,12.35153843,9.218820836,14.82870759,9.991821144,12.17756989,12.69556976,6.723978855,13.83805449,10.89972405,8.844440293,14.8622806,6.705052615,8.055208696,8.929877763,12.01606353,6.614015928,8.62476112,7.992890497,15.75046624,7.54807851,10.61162993,11.53926138,10.08355515,15.79682182,13.97787732
7.913164974,5.951881577,8.399884245,6.796315388,11.44497014,8.108015713,11.00104548,9.320118016,6.134234118,10.95013166,8.479122035,6.844925061,9.305136795,10.17321189,11.27029026,6.331111605,8.396510897,9.287157346,9.239174967,11.85909357,8.020864936,7.294739395,15.30887143,6.283197194,10.30514349,6.001988865,10.66533401,6.047117627,11.00001431,9.109055869,6.236170268,14.37202779,6.356094042,15.14246935,9.45921396,5.966384221,11.68982302,9.31399134,8.051548004,5.088546164,9.860699258,8.403298459,8.205534606,12.7060472,9.169864019,9.29092404,14.05196849,11.16658261,11.33623268,14.87925812,13.45497102,8.673175517,5.415822905,10.2026708,6.015810339,13.6714448,11.1114148,6.648586918,15.97433872,7.621319947,10.69308048,11.38235613,8.914256894,7.218326807,8.687763458
8.334454225,10.44897772,7.072102732,6.118162869,10.82263546,7.736503747,8.1937545,7.851801499,13.13351794,9.613321338,10.23930838,7.85172615,10.17615973,8.213249123,9.217176672,8.462897877,10.86695879,6.722858647,8.78442284,8.7037549,9.505274545,9.792959143,11.30131289,6.803768684,12.74831959,6.10221456,7.67054789,7.943458098,10.60462153,11.16413912,6.477918573,10.37097363,8.426124346,14.53033143,9.319612472,5.980581304,10.28682291,6.927443238,7.618482185,10.02030004,14.90249034,8.001878825,5.792483161,5.589529919,6.709025737,11.76943774,14.49066526,7.896105242,13.81664358,6.608552316,8.113137814,5.828242372,6.817397573,14.96281622,10.16116846,15.77335531,8.142922329,11.73010146,7.440497148,7.793492518,9.735796132,12.30812003,15.10601433,13.37510313,13.83246017
9.700164537,9.840051936,8.916097748,7.457846783,6.884437607,7.447698463,9.669673493,7.642257979,6.114860684,8.930608228,7.10671961,6.462073684,7.903550905,10.5830803,9.142134553,9.007400806,9.052915403,7.461120494,7.246310343,10.58297766,9.720648698,9.476812508,14.0489201,6.208396819,11.50896292,6.095910919,8.183163082,6.127099039,11.61700325,12.16731077,15.29102568,14.63720824,8.135313038,15.82465396,7.468936046,5.978883778,9.548031454,8.39461398,8.28734088,6.453844658,12.36169408,10.7966814,13.02628732,5.100447526,13.41547209,7.11394036,9.131487645,7.546150615,6.815630009,7.297993754,13.45292275,11.95608404,9.848495091,13.94779233,13.24549544,7.557247741,12.7935765,15.20591819,13.09984596,6.339086663,8.66196578,8.957625536,8.165387063,13.35235261,14.99971642
7.459391407,10.09034432,10.44100365,6.007925558,10.43581694,5.956190524,7.416831306,8.795224031,12.94938669,10.89371545,7.711366762,7.370627748,9.692216549,8.720098243,7.72620676,6.022351102,10.68934297,6.668228011,9.285929019,8.134173401,6.305691723,6.813987626,13.41790425,6.252959194,6.316729076,6.053664019,11.0629315,6.110155218,6.148305669,6.320563614,6.341919974,12.76708022,6.386133238,14.1983578,6.157125947,5.990770287,11.55538922,9.823206077,7.358851168,12.4441249,13.41028627,11.65472316,14.80264211,8.167313985,5.504151147,14.08024031,13.6134445,6.617431552,12.72438898,11.30952954,13.38503647,9.533128834,5.748490114,13.326062,8.760085682,10.76237914,11.78114889,11.41897531,15.03880427,12.55855436,14.74047084,11.39817993,15.80773461,10.37333394,10.71885349
7.621289013,9.08040531,6.397281423,6.434357014,8.042330062,6.595545332,8.172829397,6.373876131,6.137805393,7.203016654,7.729574883,9.554494497,6.68343225,9.178029701,10.60659564,8.810225833,8.664858499,7.470393156,6.039503863,10.7071374,9.346509107,7.960677369,13.21789867,7.788184033,7.424876644,16.06048049,7.479289591,5.981647272,8.940321312,10.35213598,6.29236831,11.84670198,7.21554208,15.08167724,6.845513334,5.967929224,7.366190887,8.75054234,7.482188349,12.50890161,5.225993446,14.34494801,12.24787776,14.792825,7.905493369,7.950956968,11.83534148,6.752963657,5.238722232,8.471754964,9.189785335,14.18920274,5.895198318,14.99559249,10.78004375,8.591369913,7.360080994,6.644266512,15.75188715,7.536654716,7.502165049,7.463642283,11.23181531,13.11504148,12.72920772
8.58465275,9.74907628,10.6454642,6.176736831,9.705371823,8.513971108,10.1058619,7.13342706,13.39756909,10.590843,7.830683646,6.917957006,10.04299756,9.501734578,10.68964583,6.29593347,9.524024884,6.189800404,8.334694268,11.16167746,10.20644502,9.175448082,14.25127614,6.286391693,10.06881739,6.054258066,7.64707883,6.016377274,13.43910292,10.34790908,9.649590228,13.44475916,6.716218632,13.18149889,8.742238476,5.89560121,11.31182575,11.25548593,6.995141372,12.46068381,11.63025314,8.241198533,9.457739932,11.17997468,7.788042573,6.812848204,5.315638338,6.239295113,5.895401612,5.099879724,5.628858085,7.644155845,8.110935108,11.59203772,15.95014202,6.11958295,9.255746539,15.95402582,14.42848842,6.566423638,13.65188202,10.96882303,13.32397322,7.915279736,12.95978356
10.15831035,10.15228313,6.295518193,8.125073723,8.778841585,8.759247362,10.63938639,6.754399617,6.043575067,6.714524125,7.030140747,10.8793279,7.271956771,8.821618472,7.964329611,11.67442201,8.42635794,6.061728807,6.030836038,11.98676787,7.443624492,10.55953707,11.79907292,6.43166381,10.73010967,6.058626678,7.005767511,5.975445453,13.81863687,13.64827027,6.185710187,9.356910218,6.477686148,10.56639648,10.90529716,5.957088191,6.501046912,7.398120122,7.706608112,7.03343421,7.141400869,7.792351737,7.487953936,13.83292655,12.76716945,7.31080624,8.277185326,7.946408747,13.23497641,9.288752126,13.38293093,13.25512697,7.141070487,6.122135944,9.871315101,10.2356715,7.037416279,7.061588132,7.94504994,6.408575973,13.28807635,12.22590538,10.68213565,13.30753491,14.85070974
8.243571915,9.030840083,10.04394522,9.436651147,7.315108264,6.092909998,10.5728602,6.507331123,13.08147135,7.268616885,8.281317279,5.858485609,10.44754575,9.323801409,7.373233779,11.11840729,8.81411972,5.983034895,5.973952593,10.65020199,10.75987268,10.32237169,6.214448363,6.229660344,13.3470146,6.151690069,6.536095637,6.281245465,11.49474142,11.86097296,6.170983552,6.347218688,6.430347057,9.819880231,9.373551612,5.913544786,7.513663372,6.67679109,7.068761751,8.918783476,14.91230901,12.92950762,7.040934288,11.62827889,11.13925694,5.202608427,11.13640625,10.52684581,14.90449229,9.665792151,9.350837553,13.02664533,9.893031328,6.842277644,6.71878717,13.35513357,12.30896035,10.4274486,10.59374617,15.03027458,6.972890204,15.21928155,10.33779878,14.46810591,14.03469724
9.124323626,6.047118955,6.831493644,6.279344103,7.9300021,6.790700548,7.76553945,7.017490317,6.064270598,8.50792413,8.57274257,6.886693694,6.108907499,7.663442334,10.7676022,9.238688756,9.050046835,7.091326136,6.443336131,10.64527307,9.456576517,9.427081257,12.81950456,6.197520431,12.74208005,6.037639732,8.353553786,6.226286425,10.8933324,7.600848101,10.7096282,12.42098195,9.67360851,14.34398887,12.33177868,6.064402498,9.200195664,6.555992468,8.152961668,14.98809298,14.3649303,7.784060866,5.34675061,12.96852222,9.968100872,10.86392738,8.277882559,14.99857032,6.008407667,8.060999492,8.431435272,13.80535534,5.127838836,11.70052215,12.15310173,15.36086781,14.04790077,10.24453224,8.345828398,10.10636039,11.22891553,15.31720818,13.21570566,8.863505897,7.853585599
11.99502457,9.455648225,6.4617671,6.092902423,7.604527029,7.410447566,10.53529822,7.858462162,8.292221274,9.745433227,9.184858288,8.416968524,8.42402586,9.488278801,9.004819231,10.7842799,8.390593664,6.879778087,7.981036564,10.4589711,10.49572328,10.98096344,8.227071225,6.307412044,12.66508563,6.078298469,7.310206412,10.6284263,6.209201478,7.067135712,6.133484457,7.290823656,6.326859052,14.15405479,8.431989941,7.523612002,10.53846167,7.791363034,10.71295527,5.966805113,7.50791318,12.40681263,5.481325637,6.635972292,5.772435565,6.67294852,8.783212304,8.315473634,12.45896937,11.77460253,11.8638465,14.52838782,8.937665694,7.967635153,14.2038431,9.549945804,13.0215672,14.7243694,15.93148432,6.589904378,13.26384933,11.83129645,9.611666451,8.065671911,6.744988588
9.760973721,11.10703056,6.265139638,9.136368268,11.50250127,8.151897223,11.0161267,11.40008752,13.60543606,10.22796284,9.880516324,6.452469359,5.866456886,10.89863005,10.3746029,8.138931638,10.50184382,8.704045181,9.205383609,9.472299808,10.16385484,10.96182914,9.037912769,6.185735101,13.2556161,6.244228787,9.87922733,6.16681553,7.078211056,7.635640054,6.555505718,7.90822589,6.368739595,14.53963035,7.89078742,5.937795014,10.84540564,6.800668934,7.182765403,9.127490451,7.812575533,13.25470488,14.42456659,10.85094054,10.56184843,13.7622894,11.26200917,9.614153923,7.768653044,12.87728076,14.46296804,7.602044807,7.766037278,6.932804205,13.92979694,12.33461688,13.09335804,12.31263841,8.337431121,12.86209911,12.40248439,11.93510748,15.03508261,14.48481248,14.36409675
9.528212984,9.581602364,6.192215061,9.402530019,6.861063661,6.101052629,7.199300324,6.519241218,13.32854058,7.565388783,7.187762084,8.08839499,8.96773827,8.448072633,7.601605283,7.919548905,10.81744708,6.268583323,6.10114464,8.741723835,9.321899963,10.3669191,14.12445151,6.298346655,6.157018197,6.039598251,7.438327289,8.151719998,6.15658539,6.406617215,6.063277495,14.13208557,6.339401937,14.665246,6.119068522,5.944000633,8.017718178,7.48472357,5.998783002,14.73464277,10.42577968,10.20284177,7.164138239,12.02985084,11.68211804,5.822141375,7.224289451,6.521117189,14.20756744,10.78578911,14.89853933,14.06478082,10.44467059,5.091811628,6.430930981,15.43106323,6.244509454,10.49171667,6.545562976,10.87466322,9.035695443,11.62269131,8.107672836,12.92150847,6.05919751
9.904300106,11.60421461,6.247129038,6.080293709,9.474342242,8.642631044,9.6909628,7.40708244,6.172722446,11.24017638,9.081608762,8.345305992,9.955615885,9.522602158,8.431165462,7.671787894,9.927150873,6.865153741,8.108416289,9.722008986,8.174190358,7.882916014,13.76633509,6.246764236,12.16857723,6.044402374,9.387645456,6.764614555,13.05191719,12.56812937,6.215253313,13.02834387,9.992528767,12.31400322,11.61421808,5.992170641,11.94638495,7.746833241,6.92554951,13.24853745,12.31152522,11.36535021,12.4784259,11.93522396,9.995127942,12.6049043,14.77078531,6.255372313,5.934779779,9.347217716,9.20840886,9.775543117,13.29237018,12.80324532,10.79776858,13.06203805,13.06498243,7.740227605,10.69300153,7.659677266,14.09144203,12.45194577,10.27989587,14.01589431,14.99873805
9.681597804,9.77249984,6.266674454,6.06618995,9.101825483,9.67286305,10.97723009,7.149222259,13.43987075,7.762056448,8.096071104,11.00861435,5.986940145,6.673895032,10.07085592,9.528891752,8.488896811,6.182049692,7.007168745,11.11460147,8.156845148,10.29039028,14.66686126,6.25923195,6.275412558,6.336139564,7.191011472,7.27351327,6.127884128,6.608988396,6.266276643,13.55573469,6.5594317,14.23824304,6.143590212,5.887728348,7.989101607,6.373178174,6.481683754,5.645295079,14.99506989,7.361966665,11.36786064,14.80997781,13.38000011,12.40574873,12.00183838,8.510222635,5.2118964,11.15767641,13.23941037,10.38890973,7.264045929,14.42622431,7.769328511,11.60669762,8.190212421,12.90211764,6.941212894,13.61565735,10.61485401,11.29433031,9.466848594,8.87783127,11.70875871
9.189990136,5.956225182,10.12955331,6.177742561,8.871504896,9.382431743,10.47101961,7.522852708,6.136509126,9.574066909,8.409974887,8.816886245,10.40606459,9.969609854,10.02474997,10.63342375,9.106483361,6.76532966,6.470168046,11.82640647,9.219071283,10.83892122,14.56220593,6.218094545,11.51843515,6.047526656,8.048478834,6.100887388,6.978081446,7.948159833,8.575701792,13.32614905,12.79062742,15.09235532,10.49323688,5.914418524,10.18313012,8.634233868,6.704139124,11.76970467,12.3834139,8.810644676,11.03620809,10.87696967,8.753420589,6.696470142,5.594040044,11.40076946,10.88591696,6.744337457,14.6652145,14.11688456,9.807508851,8.381743042,13.74775401,8.986275684,9.892212599,7.01223452,14.78919859,10.51945241,15.1271297,11.50157537,13.09095244,10.6986646,15.18108382
7.834863018,11.27281055,6.441634825,9.135332261,11.76981029,8.175831725,10.77683694,8.039125286,6.175406608,10.96641458,8.662022983,6.06940054,10.99807821,9.13693258,10.15831402,6.228333371,9.645947738,8.429114721,8.643961245,10.98020919,6.938143694,7.549410684,14.65433842,6.291972829,11.72678964,6.068353382,10.66484629,7.329782377,8.846116296,11.02608345,6.472466855,14.40613403,8.112656749,14.98411771,12.31377219,6.245054399,11.73896408,10.08763618,8.516156047,14.03050434,9.258439566,7.708531935,10.37654462,11.40125359,11.41929823,6.885262881,11.46766598,12.05244669,5.17693782,12.5258287,7.490524715,10.70448417,13.25781153,8.789320271,15.17111731,10.6732998,15.06009061,13.47999188,10.10812718,9.473654934,15.28164958,11.72834344,6.073339646,7.389300267,9.927921944
8.496655115,9.605197403,6.82721757,6.516708545,10.19815197,9.095721988,10.23745681,9.443260633,13.23216467,10.3766989,7.530910915,8.092135876,9.678453127,9.83576973,9.17099057,6.955938025,10.48097234,6.857365237,9.098616145,8.007837965,7.423762173,8.55822346,13.54813168,6.629705442,11.89808523,7.074518757,9.656297902,8.296523001,14.35159705,10.41098741,12.22665429,14.81793416,11.38618238,15.39101292,9.704587354,5.972814902,11.07511248,9.333073656,7.611844147,14.30021356,9.005140895,11.0134209,14.75592792,5.727107152,8.974555677,11.41892585,14.71607676,6.440225691,13.80113355,10.43796214,14.58178733,5.230660171,13.3901252,11.39900203,15.44589815,12.56007558,6.015128381,11.46578269,11.1636534,6.590904388,10.7914779,7.696284732,7.590252619,9.665688166,8.75921796
8.597868975,11.15792507,6.231502013,8.598198737,10.09463509,8.253218326,7.30593962,8.341347575,6.366644285,11.81542777,7.159832429,7.043063716,9.176881958,8.744071472,9.927929308,6.464445713,8.365920622,6.980849402,6.020303159,8.202881758,6.724131983,6.857561503,14.30428142,6.20890322,10.70375986,6.047756926,8.984569324,6.831128564,6.235633797,8.074600926,14.72581617,14.63732139,6.298210478,15.56392157,6.181949734,5.965785046,12.51735888,9.48039883,6.22309626,10.25122603,5.720184257,9.455604816,9.437234283,6.580218659,11.56246116,13.56382788,11.7212883,6.798650534,7.774846149,13.56407335,10.40433207,14.95549263,6.54996112,7.13319334,14.7872625,8.273134929,15.7298409,13.07939196,13.58232317,6.678836557,10.13014361,13.06856572,12.67391027,13.12167525,9.886163726
8.869067585,10.52429081,6.567119215,8.33804197,9.375812957,8.109766422,8.829211133,10.17219329,6.045704157,10.42981512,9.104523564,6.856131338,9.624621845,10.36557402,10.01253604,7.642116505,12.32571667,10.04558513,8.944569687,9.250769848,8.881342625,8.348486857,12.70528011,11.78415299,12.90073089,13.42393975,9.469032081,8.649729946,13.44483164,13.23358436,12.29709577,13.88829737,11.80727393,15.31067831,10.63539224,6.934171362,11.10732945,9.682297752,9.622569213,6.041674826,9.619428325,11.36471902,5.196820742,6.896347834,9.425155555,14.31896125,12.57145115,9.474931839,8.57708626,11.52086995,10.09922103,14.20481086,8.632221548,7.458369157,6.287790524,8.072485867,10.76097959,11.69523703,15.89607071,13.65897767,8.481539748,14.63780695,12.82353456,10.30991623,9.218351298
