6.449327375,6.084432281,7.371566984,9.54833393,6.872977902,6.448441711,8.0538269,7.711168638,7.431744141,9.476335976,12.7716845,12.00880963,9.131479209,9.598708674,10.75910233,6.25668543,12.4960517,7.531427403,8.862473307,8.143550527,7.74303818,11.31565962,11.34515895,7.050250903,8.222149292,8.664984326,8.943467675,10.41098003,8.559087875,10.13434873,9.765015142,7.010939358,9.887524473,6.561775932,9.000815375,9.023079347,10.47309256,9.641639394,8.667219664,9.290404699,9.591876923,6.940699299,7.447900122,7.357184556,9.159008005,6.350341746,12.06519731,6.084268603,7.004736617,7.920974251,7.231563248,8.895905606,6.651997528,9.351821828,6.132514501,7.102785688,8.131626805,8.691792959,10.86913015,11.20044326
12.41700876,11.6782235,13.37379358,11.81844855,10.85593446,10.45810419,11.35971042,13.02273035,11.85135587,12.5605298,10.29357326,10.25734657,11.87978682,9.112275329,13.0646036,12.75950915,10.14163893,11.29500801,11.82727011,11.007223,9.178459789,12.60747457,13.23405362,11.10971535,12.61096425,12.40168275,11.85239859,11.88780534,13.46964889,11.82057554,11.53800034,13.28740455,13.13531771,10.76416374,11.99986388,11.31501877,11.00601635,10.99829455,11.46876852,10.85020255,7.93423349,12.68509898,11.33913277,10.94031144,11.11580543,12.30588968,9.68140926,12.29984207,10.00668177,12.00140675,13.22701479,12.70442219,11.90666523,11.14238668,11.98207836,12.79224387,12.21871311,9.069962014,10.20888691,10.45714992
8.183256667,6.424603635,10.56018238,9.934666885,6.467115247,9.491945367,8.943819957,6.443554163,9.26861829,8.969198643,6.465019069,6.331400977,6.687271961,7.075542829,6.281294577,10.28876574,6.872624377,6.866851886,7.346965964,6.556735994,9.225550287,8.904227623,10.27979302,10.71447587,8.440547471,8.484403967,7.531344511,7.746642638,8.924653995,8.316016227,7.652204084,10.82465282,9.448976323,10.86267654,7.049319456,8.275863406,7.051841764,6.798506752,8.498998451,6.978420508,7.104987093,6.532182784,9.263481122,8.660524628,6.663614355,7.743402948,6.764090355,6.541954659,7.223616178,8.768041132,9.586676379,9.846685371,9.506483276,8.348812392,8.262244962,7.742174043,6.688902769,7.357452977,6.611351393,7.757594617
14.21738635,6.045551271,6.34056681,6.113299898,13.83002265,6.296203911,13.38003133,6.251452815,6.222990789,6.159044791,14.18100299,14.51099866,13.91941568,6.124410719,15.01744057,13.7916787,13.46969648,14.59523138,6.106742619,14.73819039,13.5850497,14.66318622,14.00925443,13.5622875,14.5041067,6.144933721,6.161785222,6.081375114,6.258745483,14.02441196,14.27947043,6.357918029,13.77116194,14.35941385,13.67742795,6.182483936,6.268591949,13.9812544,6.170597316,14.01924575,13.83590026,6.173906813,14.79656876,14.22967612,6.277596451,14.51059487,14.36411326,13.27619119,14.075051,14.42096027,14.66023026,14.18567384,13.75740092,13.509542,14.78385387,14.24997126,13.56619993,13.4635583,6.316875103,13.70938851
9.043662623,8.206693382,8.110169741,8.777203341,9.313564229,10.49030329,8.583423014,9.197861392,6.22112314,9.013732497,6.098408261,6.847763626,6.145902233,9.384276971,9.456945367,8.916697367,6.13215076,8.814974735,6.111378745,9.661469659,6.210088567,9.359678916,9.704065686,8.886195738,9.383592359,8.778929203,6.312037272,9.41868672,9.066388666,7.822989252,8.000593369,9.339873506,9.565117584,6.196687938,6.579715144,6.582821182,7.948339156,7.047676164,7.339560068,9.386727102,6.332490085,7.676148373,9.048162932,9.240123117,8.908877687,8.905077986,9.269553321,10.66194074,6.344190616,6.977328491,10.50663894,6.084513149,9.046175888,10.24432099,6.275248822,10.33820331,6.529153441,8.682046024,6.185527417,8.486141274
9.615467855,8.931371983,9.520103679,9.446183278,9.708509039,8.392225545,9.089853677,8.876268885,9.090821669,8.687194677,9.759294066,9.690368282,9.718965997,10.2169297,9.868585091,9.65451008,9.992909645,9.361381175,10.93360605,9.474070988,9.589528325,9.187691573,5.989456054,9.848846877,11.23650792,9.822553345,9.538541501,8.935527344,9.49846662,10.23170144,10.43569118,5.991766774,5.987438969,8.86971818,8.159312052,9.496139996,10.45273683,8.020027173,9.472508431,9.811120145,10.06635534,5.951881577,10.44897772,9.840051936,10.09034432,9.08040531,9.74907628,10.15228313,9.030840083,6.047118955,9.455648225,11.10703056,9.581602364,11.60421461,9.77249984,5.956225182,11.27281055,9.605197403,11.15792507,10.52429081
6.751506144,6.525897507,6.633136954,8.11613361,7.838307291,6.736360724,11.37860974,8.921196613,6.719518172,8.751495767,6.414093259,6.511897636,6.427678231,6.126192347,6.062608017,6.271002828,6.873736069,7.127586994,6.215994465,6.453673947,6.453804169,6.824723944,7.465843326,7.404467433,6.480174969,6.935778035,6.319916538,8.792593272,6.075753446,7.016458735,8.119426162,6.823141545,6.599206724,6.034946297,9.199793173,6.263737382,6.180251184,6.374984187,6.274171311,6.481320043,6.157753235,6.228075283,8.327574015,6.824741476,10.757562,6.969595302,6.576447599,6.260429857,10.24977601,6.878547591,7.843986605,6.277669449,6.376424944,6.047681484,6.691525855,6.837060685,6.270877334,6.972901816,6.072458055,6.941320726
10.36220464,9.144359768,10.09045885,7.627324397,9.681734738,10.83635007,9.256211851,9.438083402,10.15874199,8.987856126,7.716942532,7.624733025,10.73676546,8.911032272,10.08178801,11.00951449,9.305581193,9.084542903,8.073170168,9.109658543,6.560796019,9.847362363,10.8762453,10.93422411,9.344367418,7.973284834,9.150150792,9.031721564,10.49304189,8.335670337,8.791903473,8.668731353,10.6664414,11.34738303,8.512172452,9.830314752,9.330518297,8.043583292,9.343148409,9.810242971,6.330041862,7.710596514,10.55898205,9.831250073,7.446038938,7.768859908,11.20476764,8.353401443,10.0757603,8.689499858,10.53871109,10.52007188,9.873224092,8.832746124,10.69471541,11.00878672,6.782227631,7.316411868,8.190033215,8.532354568
5.967511547,5.8465915,6.017991448,8.077724419,6.327879447,5.915521203,7.61028843,6.002366843,6.265892721,8.669677081,9.101326953,6.906184257,9.991773759,8.981549402,9.288464865,5.890800448,9.214406959,8.658607846,8.360006918,8.724159135,6.012815003,7.821066776,7.718403953,7.206578415,9.642108276,8.182687415,7.384912566,6.888162875,5.939293447,6.153294397,6.362648507,6.102856768,8.180809533,5.863946828,7.603887543,6.275742786,9.160560524,8.989862708,6.279955861,7.12380125,6.756767011,9.239174967,8.78442284,7.246310343,9.285929019,6.039503863,8.334694268,6.030836038,5.973952593,6.443336131,7.981036564,9.205383609,6.10114464,8.108416289,7.007168745,6.470168046,8.643961245,9.098616145,6.020303159,8.944569687
10.33107028,6.069688208,7.447465958,11.16673345,6.258016117,9.010151247,6.901436526,8.866175809,8.996888234,7.790802054,7.453339325,7.286461424,9.420344141,7.97169721,8.878421339,11.43112865,9.824342186,8.57202885,7.137559513,6.063845797,6.056507238,7.371946667,9.356565959,8.663306427,10.34943924,6.310159366,8.104558888,9.272915048,8.103183142,7.391887027,6.714714292,8.615141836,9.809444834,6.500582184,6.512490463,6.649312942,7.927390254,7.605035476,6.781298398,6.202451211,7.534167827,7.861402182,6.193127172,6.728313283,6.090367688,6.157422896,11.53375317,5.872668057,9.229144548,6.479882096,9.348503523,6.654153519,6.74180769,6.821597496,6.125917072,6.191083551,5.93444776,6.057872487,11.21314894,6.639026706
6.262417141,6.196549131,7.048737363,8.933852604,8.053882623,6.73991482,9.835505027,6.731918427,6.613654975,9.640538765,9.585810491,10.54495691,10.61548732,9.904727526,8.086319871,8.527370456,9.444979396,9.178984819,9.229339757,9.323680394,6.695664592,8.21256412,8.794831579,8.992386772,10.21060899,8.48684124,9.242024766,8.295969995,6.754841758,9.664325827,7.822540443,7.837440908,8.514543978,7.351935058,8.414592927,8.886211775,10.14214744,9.389902964,7.48486717,7.858623515,10.23998562,9.780658361,8.837369636,7.604796763,9.995353349,6.753055597,9.416910106,6.423135483,6.906545173,8.116381731,8.601817337,9.314293927,6.458234849,9.905818103,6.637497169,8.493480687,9.02557558,9.452439567,10.48761819,9.745434236
6.002132869,8.186877075,12.69236907,6.259136233,10.64304016,6.444004263,12.60919485,7.326533158,7.004461642,8.825393393,13.47137226,14.12690603,6.091079529,12.35929748,6.120064953,6.145276912,6.172326419,6.829024437,6.812567441,9.238602136,14.50889427,12.96780633,11.89450193,13.82918944,13.30816235,9.261228048,14.28375608,12.48014066,6.066913459,6.11067961,10.80986575,8.315331394,6.249730673,8.565584564,10.65223024,10.16134714,9.380764466,11.66714205,11.34954049,11.20378581,6.089437575,6.148302397,9.963236674,10.67229236,6.120422092,7.654032886,6.227234259,13.18394155,6.185107342,12.02736555,6.243876508,6.946602664,6.147307275,11.66116145,6.205150043,6.365339495,10.57127654,13.31603372,6.152991894,12.56126446
7.173870889,8.342419787,9.454389419,7.982739075,10.52733465,6.461353178,8.130346301,7.423874071,12.4525439,6.759219879,7.279891763,9.708966699,6.792146345,7.679419571,6.119683179,7.298611746,8.054744226,6.645193867,6.518752966,6.910292123,6.720262676,7.94863305,6.492317981,7.138938848,6.33314201,9.38474276,6.47132564,8.903028649,6.745574829,6.755434678,6.575709685,6.954274207,6.848707339,8.407997016,8.911765265,6.841448339,9.772237017,9.177442524,6.696019539,8.529703191,6.661845636,6.429395387,6.994291736,7.74801633,7.683762453,6.427604353,9.974143669,8.897855742,8.187211078,9.316257961,9.538027077,6.740411157,6.781687383,9.112396339,8.739097113,7.227887381,6.44146883,9.919298466,6.297929184,10.14567649
10.34030936,13.13113263,13.00057223,13.17654555,10.76641442,10.66116596,10.97611245,12.91379488,12.84094929,10.36901392,12.68559946,10.87203534,13.10547461,10.9252916,12.99281084,11.24717417,13.30628124,10.82581033,13.05364715,11.11901091,12.85655454,11.20747494,12.54049769,10.7234631,12.86874934,13.16734665,12.95128819,11.04266356,10.33510658,12.83544458,10.30524033,12.90349525,12.74303348,10.99723949,12.92891153,10.2904599,13.17656059,10.07539757,12.43476104,10.38235253,12.83841085,10.42724474,12.92874622,10.80055418,12.88082255,9.831890621,13.13824505,10.7702879,12.82315719,10.30326164,11.04933544,13.46388714,13.0538134,10.64734864,13.15828487,10.78535071,11.10622292,13.10010267,10.28967946,10.90543925
9.848712344,8.352919712,8.66984423,10.85411175,9.157460876,9.15874488,11.19543576,8.417146176,8.817436228,10.29629841,9.333744496,10.35356066,11.35005532,10.59244522,10.68535815,7.312043915,10.81180465,9.779711335,10.89960159,10.22007589,8.009910471,9.78729844,10.26611035,10.46959112,11.49005249,9.803083546,10.12456003,9.692170454,9.710922601,10.26399565,9.670516208,9.997625041,11.03417506,10.18307117,9.507850762,9.886238598,10.32766385,10.39913427,9.214171091,9.691479812,11.31467441,10.95013166,9.613321338,8.930608228,10.89371545,7.203016654,10.590843,6.714524125,7.268616885,8.50792413,9.745433227,10.22796284,7.565388783,11.24017638,7.762056448,9.574066909,10.96641458,10.3766989,11.81542777,10.42981512
6.636346525,6.4984361,6.922205945,6.787107953,7.59633678,7.007651588,9.35835451,6.52908502,6.577630985,7.883387262,8.951506171,11.11168968,7.160486228,10.21928551,8.512183446,6.5895203,7.239308486,6.901625536,10.17739579,9.756624368,6.165707824,7.382508099,6.905771997,7.301288319,9.906637239,8.145118647,8.480341512,6.915619701,7.401995385,8.851036069,6.827338289,7.63205285,9.242187211,6.508146019,6.561742593,7.31869606,10.83338636,8.688224745,7.31727954,6.577853848,9.213655013,9.320118016,7.851801499,7.642257979,8.795224031,6.373876131,7.13342706,6.754399617,6.507331123,7.017490317,7.858462162,11.40008752,6.519241218,7.40708244,7.149222259,7.522852708,8.039125286,9.443260633,8.341347575,10.17219329
6.816592642,7.233126639,7.265076187,8.405899301,7.991070299,7.03340645,9.778585269,6.803557528,8.33782556,8.598218439,10.52059504,10.14073266,9.396966581,10.55642208,10.73384476,6.617955432,11.01430019,9.66626525,10.31453913,9.833210922,6.664134948,8.547937702,8.727080317,7.920698509,10.21702727,9.320103075,9.620193469,7.308309846,8.396671002,10.1619388,8.873245685,9.687813796,8.676733488,6.519568904,9.142176452,7.278324844,10.69445862,11.45259781,8.40759489,7.759729754,10.8185626,10.58796549,8.467199438,7.649372712,8.77315949,6.88273237,7.392221812,6.906774561,6.628443113,7.850453372,8.519597161,10.10311484,6.833363477,9.814182269,6.852042434,8.818143011,9.183079599,10.07903565,11.55527975,9.493948804
6.838115278,7.389990881,11.54110404,8.095882336,7.032463384,6.716312927,8.451103702,8.880528566,9.162801483,10.45570777,11.94169497,10.90096515,10.25448667,9.437711722,11.10381942,8.087580711,8.814645323,10.76372553,9.40796834,8.700486093,7.359145681,9.869252329,9.230539829,8.344247009,8.300704706,10.37999577,9.306692767,8.636467591,9.678059631,10.18445173,8.328988942,8.574147339,8.976523726,6.056412968,10.7462473,8.969244696,10.0471307,12.54121693,8.672484355,8.249943964,8.230674866,11.11800104,9.106258565,8.553603274,8.662401823,9.355712653,10.72352542,7.096521347,6.72140979,10.29281413,6.796418169,10.34299469,8.584063763,7.459687385,8.200871451,9.096392146,7.552004673,8.338965501,7.619943982,10.15675699
7.379566162,10.91570909,8.779352487,8.500027135,7.828293811,9.597923869,8.299536121,9.378292166,8.5697979,7.985340412,6.305796548,6.865147625,9.173441949,6.506229821,6.578828332,10.01676743,7.533779261,6.595343389,6.374003225,7.33866431,7.576496614,8.024761563,9.162097705,9.311196328,7.66868095,7.164293083,7.195284802,9.7068169,8.824193027,8.80614414,9.366045611,7.680245316,7.439315933,10.77037427,6.465212453,8.578021592,8.068485409,6.848556027,7.546433601,6.910427549,6.436869544,6.455133569,8.09703138,9.474204439,6.365284406,9.229570353,6.826746574,10.72113295,7.920144702,9.127741134,9.816491926,10.15851038,8.108051391,6.594381624,7.71440567,10.61311989,6.303549847,6.437040738,6.342550969,6.538859989
10.971897,8.426762529,10.35185001,9.180363141,7.981261172,10.53213659,8.962705524,10.67748076,9.754694551,9.172739962,8.266718206,8.084734669,10.24938326,8.229312139,9.191470867,11.00904946,9.195411256,8.480894584,8.420789025,8.704857055,6.719730584,8.536563379,10.90240484,9.703640424,8.723115371,9.517465515,9.476699802,9.887958718,12.12025239,8.246245877,7.627167912,10.80131468,11.3483482,11.61692321,8.01763923,9.171163249,9.17990634,8.203773457,6.766551432,7.508192702,6.766179082,8.116811745,7.35280098,7.900734568,7.226043087,7.834641337,9.513435721,7.7028729,6.525503286,9.024975005,12.10385323,9.865492497,8.079911741,9.53146785,8.74874698,7.727336329,7.611990685,7.768935541,8.163039958,8.630150994
6.451151865,7.09479079,7.35533374,6.559314203,6.495760708,6.137160724,7.319676023,6.770911557,6.802148878,10.20095944,8.798404607,9.991066394,11.33691542,8.339162137,7.573989371,7.72107107,10.48037669,6.572932931,9.852065053,9.830523779,5.952738319,8.670979639,7.053050371,9.593362639,8.826303519,8.55397248,7.87882879,7.672431096,7.757007551,10.21342423,7.628489137,6.638398714,6.583721873,9.901985052,7.501983071,7.849503085,8.961667492,6.269089529,7.322071833,6.603433025,7.889863647,8.108015713,7.736503747,7.447698463,5.956190524,6.595545332,8.513971108,8.759247362,6.092909998,6.790700548,7.410447566,8.151897223,6.101052629,8.642631044,9.67286305,9.382431743,8.175831725,9.095721988,8.253218326,8.109766422
6.573969364,8.786541006,8.244063746,6.857114154,9.788898461,9.99206717,11.54711654,7.280049121,8.072044827,9.743024088,9.843794995,9.724820133,8.908172445,11.1426848,12.31833298,6.621625593,9.212158949,10.95298622,11.93781036,11.69709386,6.289225778,9.389712565,9.600952412,10.12575388,11.6985414,9.831887563,10.88935282,7.613161453,8.633733427,8.328220737,8.93055245,7.851033118,11.14483312,6.733453571,9.88589025,7.822763587,10.84886414,11.35012412,8.119247201,9.025352519,9.492444824,11.44497014,10.82263546,6.884437607,10.43581694,8.042330062,9.705371823,8.778841585,7.315108264,7.9300021,7.604527029,11.50250127,6.861063661,9.474342242,9.101825483,8.871504896,11.76981029,10.19815197,10.09463509,9.375812957
7.903430399,6.389130506,9.217750377,9.454041322,9.791387256,10.67217136,8.794463564,7.415092659,10.67806279,6.819613736,11.49474077,10.10622764,6.616977884,9.246905108,11.11751898,9.695895382,11.10840509,10.88056879,7.854415205,6.892548151,10.63358912,8.906361175,9.799991596,9.430479682,10.310504,9.903881127,10.27070765,10.41590474,8.314661653,10.03068507,9.163635215,6.658271329,8.341313849,6.151175131,8.985915793,9.606092169,9.403431694,6.311728483,10.0756696,9.239807064,6.297835332,10.46753287,7.624571914,9.639728049,6.302555358,8.639049337,8.064798237,7.207208676,10.963086,6.926483601,10.2922486,8.977107738,8.304781668,8.465875084,9.508015797,9.952211844,7.262110946,10.31415974,8.326956459,8.650187602
6.224427724,6.709735936,7.707781192,8.316727665,8.056547383,8.655022147,8.905258279,7.180373507,7.089999839,9.865768455,9.134645622,8.292000849,8.514446673,8.624320371,7.728658985,6.628927806,8.743997006,8.536336056,8.362445061,7.041995892,8.548794733,8.162091505,6.531160117,7.201725618,9.859556021,7.615312235,9.831454256,8.437056445,6.195854844,10.18128466,9.824517668,7.073532789,6.892882511,7.271109664,8.419589983,9.21339054,8.930751125,7.645560104,9.457874923,7.966961837,9.795237157,7.943852415,7.660231839,8.775709267,9.505905741,9.846120506,10.45272858,10.08448831,11.34872159,9.373816786,6.627768584,8.676563991,7.646551401,7.120804064,9.837014111,11.24524384,7.951481107,9.531352223,9.305983623,8.824253188
6.588299202,6.617922209,9.35385901,8.154227648,6.900354954,6.79952198,10.32199052,8.129513028,7.609277162,9.844462265,9.151712376,10.425338,11.11297352,10.86497721,8.336006116,10.61276294,8.666916561,8.413929475,8.721200051,8.067346039,6.394282561,8.527967914,11.87608018,10.21746826,10.35675873,8.838317878,9.018503167,8.756235731,7.352116917,9.433217089,9.946010262,8.528204451,9.061496009,7.15938316,7.392384877,9.425900309,9.365270757,9.435705886,7.499690567,6.699629384,8.749329826,9.300860081,10.04376231,7.398073444,8.642620368,7.233414799,8.594460729,6.864510004,7.073226353,8.844901032,8.608374214,8.500488837,7.234874432,8.137080817,8.842971127,9.327966371,8.833843009,8.27023926,9.853865573,9.249213131
6.5318663,7.908867369,7.805227007,9.633989503,9.114611395,8.564225157,7.569686562,7.36149708,8.243563694,7.156046998,6.878485011,7.240722341,6.82142489,7.818868976,8.401397079,8.267832332,9.635079991,6.253910114,9.407653602,10.05873328,9.541689442,8.196997754,7.923354493,9.760884298,7.698505286,9.774833538,9.151978835,7.927775724,6.131132646,8.522369763,9.022829238,8.00962889,7.597668404,5.80788311,8.816107985,7.532975707,8.105415681,6.932900992,8.763834034,6.840223226,9.467324708,8.358414057,10.1981605,7.176107311,7.301211903,9.096809018,8.81751178,6.408466967,9.211824446,7.630610792,6.967934092,9.033049171,8.120489767,9.894254045,10.09146013,7.271030074,10.28835362,8.974347446,6.274348634,6.746958507
12.80208309,13.59982952,13.32857539,11.30770261,12.32670323,13.35804321,13.37216946,12.83430455,12.3516148,12.50219241,13.91820973,11.6344317,12.60186453,12.51497072,13.24510221,12.87115738,13.17544325,11.61311967,13.63447508,14.23520956,12.54870147,11.67184976,13.01946789,13.23798021,13.06689273,12.8317261,13.53641569,13.83918991,12.2698489,8.162558841,12.20695563,9.137346609,12.16261338,12.94335875,11.68372255,13.23810556,8.272151747,13.4984962,11.92470699,13.72081027,12.47336019,8.944746844,13.23635082,12.96910991,13.84326872,12.56984131,11.66785306,11.11943016,12.36224494,12.38091904,13.03199723,13.18967124,11.57777377,12.03843633,11.74131167,13.59713165,12.55849612,12.27907769,12.70864918,12.15032292
6.262386126,10.66098365,8.881737222,6.275374577,7.946390489,6.718003163,6.996852709,9.744753525,9.630028363,6.274974474,7.153672154,6.318520041,6.558056213,8.671612683,9.905698098,6.334140464,10.01881884,6.210701591,6.425192341,6.243980238,9.970957243,9.21035326,6.300321206,6.272099744,6.321768216,8.786886096,6.275025023,9.490278493,6.251614533,6.180910147,9.160177431,6.349852569,6.157411895,6.374569572,6.41635527,9.798667764,9.385678002,6.882639118,7.629264392,6.363412516,6.47411694,8.399884245,7.072102732,8.916097748,10.44100365,6.397281423,10.6454642,6.295518193,10.04394522,6.831493644,6.4617671,6.265139638,6.192215061,6.247129038,6.266674454,10.12955331,6.441634825,6.82721757,6.231502013,6.567119215
6.495667102,15.87885691,10.27419619,6.976273973,14.61968988,10.40114067,9.906018605,8.606951989,12.08706412,9.375937848,8.139635549,13.07128501,10.94300156,10.50331146,9.306531947,13.48729806,7.967907064,10.70912404,13.72288214,15.5599438,16.0414938,14.22126619,11.39197119,15.16420908,9.845176728,9.83933759,9.500837648,15.43699082,6.828864412,6.91141848,14.82326427,8.951441785,8.80509855,6.484394001,15.89206395,8.747698917,9.68555533,13.55796538,11.92794503,11.76688972,9.39526611,7.920293133,12.10183385,14.86855089,15.75945297,16.03691229,13.07293315,14.43858234,7.795432688,12.77219664,7.144575042,8.955632243,6.733696347,8.710393827,9.234651933,6.868038062,9.338786786,12.10046299,7.99290529,13.06796056
11.67922426,9.899476907,10.56722042,9.579745825,6.905710625,11.64413898,9.295721271,10.54337118,9.592029357,10.22869674,7.213738217,9.394102765,10.30917892,9.303605524,8.285091183,9.788713801,10.9338519,10.37634637,9.425980335,8.130116986,6.848283292,9.756560049,9.235616621,10.73067331,8.395034699,7.372460397,10.5301556,8.92305287,10.58745812,8.829749361,7.539193103,8.642256762,9.750971628,11.57537379,7.547647755,8.532875606,9.038586418,10.12227245,8.703368443,7.790641712,8.617722139,7.989216974,8.197354187,8.248617558,6.439057629,6.870982208,7.767178897,6.852102616,8.337446893,8.02406581,9.691031386,9.491294396,10.86091233,8.057263119,7.424592343,7.959720256,6.51144662,8.651689154,7.730780255,8.564314329
7.117647748,7.853225375,6.299735277,7.7692532,8.662410865,6.356955267,8.867200286,6.370686113,6.270900439,8.376960174,7.566079078,9.770171492,10.38592106,8.725779167,6.961753963,6.656464312,9.958774856,8.400457802,9.249802435,8.626555357,7.812161027,8.425626465,8.713881786,7.693512472,7.792378497,7.206031558,8.755496478,8.031624175,6.124281776,8.549715538,7.132471196,6.621377946,8.351356207,6.478133999,7.451282703,8.261863563,9.681913422,9.559793214,7.933207682,7.925913907,9.972672107,9.31399134,6.927443238,8.39461398,9.823206077,8.75054234,11.25548593,7.398120122,6.67679109,6.555992468,7.791363034,6.800668934,7.48472357,7.746833241,6.373178174,8.634233868,10.08763618,9.333073656,9.48039883,9.682297752
6.614707831,9.556194886,8.559765014,12.38811178,15.10624993,8.430152717,14.27942752,10.20356191,6.821831875,13.38166904,14.40091287,15.80687097,6.744274519,10.55218369,10.79086426,14.63078873,7.26967781,9.81467316,7.808690612,10.66349728,8.904145338,13.78092488,10.34134795,13.97585046,10.61593519,12.99683275,9.059294114,14.19357242,6.453972685,6.462701834,13.97119967,13.90258986,14.49710128,10.37959759,14.02747576,8.01055953,14.97963766,13.5203543,15.15148704,14.57170997,7.300704737,9.109055869,11.16413912,12.16731077,6.320563614,10.35213598,10.34790908,13.64827027,11.86097296,7.600848101,7.067135712,7.635640054,6.406617215,12.56812937,6.608988396,7.948159833,11.02608345,10.41098741,8.074600926,13.23358436
6.038021375,5.892677814,6.050345812,5.958534893,5.992064096,5.939967263,6.076916698,13.12345647,6.084272538,5.94406992,8.119643409,5.940161784,6.025393447,6.027379674,5.921288363,5.920590289,5.840194978,14.96220287,6.359837412,5.938421596,5.990779146,5.93586855,5.955523138,5.850205442,5.938704549,5.904157019,8.575433768,5.947767404,5.902365647,5.997368031,6.054969277,5.888200739,5.934326853,5.910815271,5.96720057,5.974416052,5.840588929,5.979848786,5.970949711,7.049026622,5.89996672,5.966384221,5.980581304,5.978883778,5.990770287,5.967929224,5.89560121,5.957088191,5.913544786,6.064402498,7.523612002,5.937795014,5.944000633,5.992170641,5.887728348,5.914418524,6.245054399,5.972814902,5.965785046,6.934171362
6.235025643,8.998613052,14.07986954,13.30408354,9.694567963,7.015710668,13.28534942,7.300839507,7.975784578,10.4390644,14.03519775,15.30236774,6.13676137,13.39894309,6.280240779,10.67026826,6.269603063,7.448712919,6.976876561,10.32407518,15.03377766,13.2090385,13.70010494,12.51071434,15.35588827,8.823252109,14.97546764,14.01017385,6.21554547,6.221317845,11.0928019,11.90612565,12.37414946,11.7274505,12.14895611,10.77238382,11.66447097,12.8502896,12.76527407,12.94302353,7.082678484,11.00001431,10.60462153,11.61700325,6.148305669,8.940321312,13.43910292,13.81863687,11.49474142,10.8933324,6.209201478,7.078211056,6.15658539,13.05191719,6.127884128,6.978081446,8.846116296,14.35159705,6.235633797,13.44483164
10.27064058,8.781431005,9.205167938,11.55005014,9.850234741,9.736455964,11.82741311,8.943338573,9.458982338,11.0392959,9.965614524,10.96164559,12.05923311,11.23329703,11.34680182,7.510812639,11.5757378,10.30853919,11.5822024,10.88589823,8.460240077,10.43830931,11.01678015,10.9277876,12.27672058,10.46674552,10.82460791,10.25317156,10.33248167,10.9557591,10.33045817,10.63130844,11.71547565,10.84960954,10.09449807,10.58956226,11.03706758,11.03187253,9.945875636,10.32149219,12.04777322,11.68982302,10.28682291,9.548031454,11.55538922,7.366190887,11.31182575,6.501046912,7.513663372,9.200195664,10.53846167,10.84540564,8.017718178,11.94638495,7.989101607,10.18313012,11.73896408,11.07511248,12.51735888,11.10732945
6.340986061,6.375259723,6.371987756,6.330584691,10.91117892,6.325901298,10.35678535,8.321951342,7.248679409,7.265621228,10.879589,7.799975693,6.328375398,7.112687528,6.300916849,6.375830065,6.38551513,6.349953753,6.408701219,6.373901149,6.403299459,11.79744311,6.383243515,6.367271609,11.84521062,6.48469871,10.96744667,9.619130815,6.396118393,6.377704342,6.935504098,7.922740773,6.33693882,6.294152711,8.54076994,15.02134047,7.712417745,8.266407225,13.14199243,10.97970832,15.87462489,6.356094042,8.426124346,8.135313038,6.386133238,7.21554208,6.716218632,6.477686148,6.430347057,9.67360851,6.326859052,6.368739595,6.339401937,9.992528767,6.5594317,12.79062742,8.112656749,11.38618238,6.298210478,11.80727393
6.518171447,8.749026449,13.66739717,14.39737112,15.02516145,12.36086615,13.75528541,7.848964814,13.97106425,13.57205767,15.28751946,14.87798042,14.00198422,14.12019939,14.29376753,13.76213769,12.89635032,8.895475896,14.572995,14.18548501,7.099577656,11.90115972,13.12059545,13.49675233,11.32299625,9.71225258,14.09173171,12.98866345,10.83684769,14.04706345,12.85291453,7.54237044,14.92120793,6.418851245,11.27634932,14.60525736,14.02724242,13.63521882,14.36476212,13.82911241,11.01423243,14.37202779,10.37097363,14.63720824,12.76708022,11.84670198,13.44475916,9.356910218,6.347218688,12.42098195,7.290823656,7.90822589,14.13208557,13.02834387,13.55573469,13.32614905,14.40613403,14.81793416,14.63732139,13.88829737
8.238492885,8.017228017,8.678802859,5.884539465,7.565770274,9.958591898,7.690083721,9.184410092,7.86674891,7.397826524,6.137036944,6.201968535,7.418033394,8.917096321,7.270144603,7.851118705,5.97723145,9.420299905,8.058575383,10.91595034,6.765487045,10.13740728,10.44304093,8.235568785,7.693567802,7.622313658,8.20157388,8.403505866,8.912558637,8.406781933,8.571167325,9.551959039,8.656500469,8.885639491,10.15912138,6.052890049,8.334588765,8.169357539,7.014851273,8.400822576,9.227506329,8.051548004,7.618482185,8.28734088,7.358851168,7.482188349,6.995141372,7.706608112,7.068761751,8.152961668,10.71295527,7.182765403,5.998783002,6.92554951,6.481683754,6.704139124,8.516156047,7.611844147,6.22309626,9.622569213
7.666059755,6.611145463,8.649913557,10.15377862,11.98475186,10.11441406,12.21486644,6.669124123,6.676666602,8.44545917,15.93948879,11.59588718,6.212279294,8.260040611,10.71810344,10.84140018,7.093794539,7.552490247,7.309470744,7.650827148,9.208127397,9.748956128,9.113912943,8.04874327,11.92763641,7.678048595,11.36065213,10.37146496,6.120317724,6.110925077,11.60008526,10.65770141,9.662497098,7.674153723,11.31748991,9.520316286,12.27316594,9.898386341,13.93245745,10.35890162,9.690682028,9.45921396,9.319612472,7.468936046,6.157125947,6.845513334,8.742238476,10.90529716,9.373551612,12.33177868,8.431989941,7.89078742,6.119068522,11.61421808,6.143590212,10.49323688,12.31377219,9.704587354,6.181949734,10.63539224
15.46595348,15.26814755,14.15007169,9.112473831,13.52945735,7.875595886,12.81285613,14.79686953,14.75031221,14.76108182,14.2189551,13.32090896,15.24424275,14.97161378,9.004340058,10.18612886,15.22721681,14.72578892,15.25435215,15.36125291,9.059682273,12.58085496,7.763182951,10.6573685,10.51428988,14.81310961,14.35740495,14.62991453,14.28398802,15.51704933,14.11267232,8.724313984,10.20399854,8.894998638,14.67991551,11.49002341,14.30281248,10.40688047,14.04499217,11.4372197,10.31325262,15.14246935,14.53033143,15.82465396,14.1983578,15.08167724,13.18149889,10.56639648,9.819880231,14.34398887,14.15405479,14.53963035,14.665246,12.31400322,14.23824304,15.09235532,14.98411771,15.39101292,15.56392157,15.31067831
15.3853537,6.155449046,6.364313498,6.161600779,10.60979485,6.048815542,10.45350895,6.325901911,14.70199469,7.167346195,13.48980897,7.251986517,7.952203431,13.03915347,6.205153425,6.173140947,8.578821432,7.351739749,8.760120181,6.982132306,6.131783333,8.615694975,6.15117937,9.253870688,7.788234768,6.239115117,12.86617181,7.231005615,14.40371037,10.89220716,9.658511147,6.339844789,6.732771158,6.235919958,9.040895963,6.89261961,6.300663503,6.721356847,11.78077374,9.026402586,9.65322845,6.236170268,6.477918573,15.29102568,6.341919974,6.29236831,9.649590228,6.185710187,6.170983552,10.7096282,6.133484457,6.555505718,6.063277495,6.215253313,6.266276643,8.575701792,6.472466855,12.22665429,14.72581617,12.29709577
15.38012037,6.159170888,6.373574748,6.165334125,10.61606631,6.057718216,10.45237735,6.317700311,14.71146315,7.159370737,13.49201548,7.258522227,7.954558174,13.03206025,6.195220139,6.179268057,8.572096519,7.345007927,8.766064585,6.981297631,6.138041986,8.606863773,6.150489466,9.247760119,7.797835234,6.230295974,12.87364941,7.239389653,14.40131791,10.8967986,9.661715062,6.347244072,6.728453717,6.234384293,9.046930762,6.883600774,6.300943974,6.722611167,11.78848961,9.017725434,9.662009284,6.243699015,6.481082169,15.29944391,6.350880242,6.290606392,9.657709629,6.187778467,6.170437504,10.70952407,6.13664475,6.564303579,6.066174077,6.208257509,6.260440628,8.578956063,6.474356203,12.23484975,14.7350604,12.30515543
15.38850721,6.154567203,6.363943266,6.166184144,10.61915435,6.041118085,10.45663443,6.31758978,14.70163873,7.171889412,13.48072073,7.25203764,7.960965303,13.04814247,6.211641147,6.171647376,8.574507711,7.348436598,8.751197694,6.989580433,6.135414083,8.624208491,6.159959865,9.255177208,7.782454094,6.232143912,12.86736205,7.239042615,14.40702422,10.8839796,9.651798877,6.330184809,6.729426752,6.231770834,9.044161334,6.891000838,6.293671927,6.731075358,11.782278,9.018852676,9.659423568,6.23543561,6.486966092,15.30017882,6.338465404,6.301676026,9.644346936,6.192142865,6.162710517,10.70021964,6.128666711,6.551440935,6.064635939,6.216475767,6.275624044,8.580283231,6.482077282,12.22580481,14.73465724,12.30106146
15.38923435,6.158533515,6.359820232,6.157876929,10.60386696,6.048986993,10.45641845,6.328975557,14.70740204,7.172955748,13.49531178,7.258444822,7.944412128,13.03582351,6.195573331,6.165003059,8.570449249,7.354073673,8.76925953,6.97415493,6.140446636,8.616369539,6.158050348,9.24718271,7.798171591,6.243107441,12.86213431,7.238463742,14.39800482,10.89091719,9.665719931,6.331701452,6.742156533,6.236753749,9.04755328,6.901680919,6.291903469,6.721485036,11.79003641,9.016553167,9.647174705,6.237090213,6.473286884,15.30045567,6.34106565,6.286932466,9.654797205,6.192909574,6.178935856,10.71859865,6.139415659,6.564688521,6.056430227,6.223630837,6.263760379,8.566629597,6.463821798,12.21816806,14.73556896,12.30109041
15.39508343,6.146612516,6.366196532,6.169636516,10.60210537,6.044524435,10.44917071,6.334711533,14.70297649,7.176708916,13.48434234,7.246559421,7.943526322,13.03325424,6.207777083,6.16432464,8.584637588,7.347452385,8.767644721,6.984848643,6.13974718,8.611818386,6.143213213,9.248019231,7.783832974,6.240478647,12.85841029,7.223454885,14.40864912,10.88697674,9.655496051,6.338252501,6.729273681,6.237095075,9.036229207,6.884006154,6.3000062,6.720267125,11.77215535,9.020095117,9.652958331,6.242621022,6.485105214,15.29530717,6.34714646,6.292255762,9.654578629,6.190173025,6.161033686,10.70125992,6.134096923,6.55091162,6.072722747,6.224435978,6.263343987,8.582056516,6.477214521,12.23624116,14.71870816,12.30476469
15.38225877,6.161383305,6.361843749,6.152299861,10.60962868,6.042309767,10.46135232,6.325275811,14.70284098,7.166754473,13.48937771,7.258361755,7.961203605,13.03729483,6.210527201,6.181740214,8.574402082,7.345450875,8.750543061,6.987473178,6.128612976,8.623763195,6.159325483,9.248071665,7.77962429,6.239989256,12.86805456,7.236919093,14.41120266,10.88918973,9.651326104,6.339122546,6.732528453,6.239074234,9.034555025,6.902448682,6.293088365,6.721390445,11.77371979,9.036370397,9.656265392,6.230098932,6.474975704,15.28412714,6.336548337,6.297292489,9.654639588,6.188905232,6.175436932,10.714566,6.140537857,6.557707885,6.068739164,6.209433309,6.265926784,8.576402298,6.47583911,12.22590763,14.73526976,12.29331777
15.38433665,6.153420584,6.356592545,6.159875784,10.6166777,6.040825061,10.45557076,6.320325328,14.7008711,7.174862062,13.49597477,7.258461619,7.946761358,13.03845984,6.204147706,6.179497584,8.570508446,7.35228472,8.76659144,6.979503329,6.125087646,8.610717694,6.156122823,9.255108736,7.797689933,6.245743649,12.86873756,7.238636172,14.40523975,10.90042774,9.668351696,6.344314712,6.729918948,6.241966466,9.049682899,6.897276776,6.30444272,6.716227523,11.78373545,9.023824444,9.646513946,6.226194449,6.469477494,15.2917483,6.339319243,6.29223936,9.651793615,6.181197427,6.174133887,10.71196626,6.126384082,6.549001792,6.061412727,6.210787125,6.262402489,8.570486006,6.479836552,12.21841371,14.73136991,12.29744615
15.39304446,6.14548512,6.363503302,6.16007001,10.60785661,6.046213663,10.45268946,6.320473978,14.70910097,7.169267851,13.48971578,7.251062774,7.943148095,13.04409313,6.21194307,6.17071545,8.588411727,7.343854916,8.768572347,6.975172923,6.13277841,8.615572523,6.146062303,9.244638312,7.790887002,6.240178444,12.87518863,7.223306331,14.4019773,10.8890165,9.651645022,6.347315165,6.733530296,6.230658498,9.049978068,6.890298893,6.305121952,6.717192776,11.78657218,9.024084463,9.652594356,6.240415318,6.480928083,15.28293616,6.34732467,6.28272609,9.640560836,6.187211462,6.173234783,10.70199396,6.138698092,6.554155726,6.058012322,6.211206845,6.273688148,8.575948643,6.476443815,12.22036871,14.72632259,12.29031025
15.38349862,6.14784031,6.369229039,6.158660647,10.61069013,6.039742476,10.44709765,6.325261607,14.70001637,7.163095747,13.48621953,7.241992056,7.952302919,13.03719225,6.198848197,6.17533623,8.571724032,7.357210175,8.75430963,6.978341786,6.135477851,8.608223621,6.158034405,9.261083527,7.785963971,6.239442237,12.87508137,7.225119509,14.39900671,10.89176731,9.656382351,6.333025634,6.726063713,6.2276619,9.032707742,6.882762774,6.296655471,6.724748899,11.77101608,9.026298429,9.643482983,6.24087982,6.468161263,15.29042178,6.339846957,6.287745509,9.640734593,6.184086935,6.179675623,10.71698836,6.141169507,6.553053194,6.056359627,6.205636479,6.263180879,8.566651765,6.480691157,12.23611196,14.73053849,12.28866063
15.39403453,6.157420696,6.364402882,6.164974208,10.60384282,6.041809234,10.45962486,6.323076781,14.70698127,7.158106759,13.49210216,7.252549516,7.946490169,13.03493362,6.200140978,6.182426765,8.576890597,7.356550543,8.757415958,6.989981526,6.122811281,8.624442985,6.150890535,9.257458519,7.790533238,6.243298207,12.86436972,7.229299538,14.40739936,10.90162658,9.649050362,6.330149125,6.726992176,6.227973225,9.032964006,6.894825457,6.290816352,6.724800935,11.78699202,9.033537815,9.645805677,6.239274367,6.48622774,15.28994184,6.33623752,6.290720983,9.643790638,6.189447125,6.164860682,10.71311598,6.137708631,6.550123334,6.060157435,6.216492394,6.273364832,8.576163079,6.468639472,12.22877456,14.72911379,12.29696655
15.39523355,6.165289626,6.360373899,6.165470177,10.61611037,6.048718936,10.44888817,6.327796167,14.70776082,7.16691588,13.48775306,7.24552775,7.943249928,13.03113953,6.208470743,6.165029646,8.569998782,7.346158745,8.751277134,6.974655406,6.139259877,8.621744472,6.148890564,9.257959494,7.782685125,6.235554833,12.86934312,7.233931926,14.40490471,10.88487193,9.667412586,6.343634431,6.735261448,6.245532691,9.047821165,6.897497562,6.296872813,6.728201717,11.78596056,9.025858761,9.661788921,6.232539507,6.469464156,15.2840007,6.34065641,6.28739795,9.645236286,6.178779642,6.180258561,10.71045066,6.125164223,6.547916179,6.058228138,6.206547743,6.272466357,8.575157752,6.467866085,12.22358396,14.72246205,12.30522151
15.39510694,6.149737589,6.357013849,6.156551246,10.60212257,6.045981319,10.44775967,6.3230948,14.70013961,7.174505271,13.49397607,7.247110361,7.957182932,13.03137673,6.21450303,6.178198822,8.581622336,7.351292969,8.750187265,6.984617959,6.138264631,8.619055177,6.157577279,9.26257569,7.792307205,6.234353554,12.87109915,7.236698814,14.41096093,10.88584588,9.65048847,6.330758329,6.727160989,6.237120955,9.03838699,6.890909866,6.305477389,6.712794564,11.78552851,9.029145499,9.657189277,6.235634884,6.47409193,15.28611845,6.339272634,6.294236734,9.648820738,6.176620909,6.173176254,10.71103453,6.136638396,6.556757898,6.073107812,6.213579645,6.268449652,8.5777324,6.479504758,12.21710646,14.72636144,12.29572274
15.39430602,6.146741897,6.364283806,6.160558144,10.61119744,6.045067665,10.46060205,6.327996721,14.69966853,7.158836094,13.49752244,7.247688383,7.958006358,13.03904245,6.195332135,6.180923795,8.578322773,7.360655441,8.766207567,6.98523775,6.123938102,8.615210883,6.141570552,9.26112989,7.786879628,6.247879751,12.86806441,7.229950701,14.39965443,10.89252119,9.653443715,6.339429368,6.730375732,6.239256192,9.032620241,6.893040668,6.298141168,6.716299225,11.78586126,9.016826886,9.644366224,6.245320094,6.482935219,15.29496826,6.332525999,6.297296886,9.646745578,6.17935039,6.165362817,10.71459832,6.132942332,6.561020793,6.05699482,6.219777935,6.261611213,8.577938496,6.464439176,12.23484368,14.7256968,12.29852112
15.37547097,6.154504061,6.362385032,6.166918723,10.60230778,6.039423301,10.44978027,6.326692331,14.7000181,7.158543535,13.49250886,7.245446572,7.959337476,13.03921996,6.206472489,6.171801995,8.580096808,7.343298383,8.750740028,6.990829642,6.122493081,8.615906526,6.158077785,9.254403752,7.793385106,6.230361994,12.86390068,7.228961149,14.40888968,10.89312914,9.665652941,6.334095618,6.737333636,6.231634492,9.046137486,6.883760285,6.293210161,6.720135763,11.78040704,9.023055258,9.649707321,6.233697424,6.477299889,15.29645996,6.339659195,6.283890228,9.653198693,6.18237393,6.17998003,10.71507985,6.138994672,6.550750781,6.06647237,6.213886857,6.265529367,8.583559978,6.465356682,12.22355038,14.71875115,12.30580953
15.3768025,6.149093202,6.370955239,6.152032107,10.61290751,6.052122996,10.46035918,6.324776447,14.69237563,7.170223249,13.49299636,7.253196199,7.943143999,13.04667064,6.201065793,6.164343424,8.572869351,7.353988249,8.767580505,6.972606698,6.122676946,8.623029791,6.141611366,9.261795178,7.780448984,6.23224944,12.86450663,7.239713896,14.40345966,10.88351581,9.66538578,6.343935834,6.732466017,6.24086612,9.043475327,6.900211341,6.294243593,6.714743518,11.77765375,9.020252676,9.654549363,6.228208645,6.486431849,15.29222992,6.336966803,6.287507644,9.652505583,6.182968616,6.177425891,10.70072877,6.129729199,6.559128338,6.057396353,6.215521906,6.272521239,8.568315792,6.463236091,12.22409354,14.71881477,12.2872231
15.37733171,6.164880716,6.370863001,6.164834916,10.60474306,6.053666496,10.44665151,6.325354911,14.69528959,7.166383239,13.4824975,7.252140157,7.959933498,13.03162765,6.200126178,6.168726941,8.577071666,7.353631199,8.769544172,6.991990801,6.135255817,8.607676313,6.146285125,9.255093404,7.797573547,6.24580569,12.86917642,7.235948869,14.40739105,10.89168793,9.659741212,6.330956316,6.732505372,6.231609378,9.039385105,6.89778084,6.309919583,6.719794185,11.77388908,9.024055985,9.64535305,6.23501486,6.474318415,15.29464209,6.346907416,6.295564702,9.65089144,6.184337497,6.180346219,10.7083417,6.128856907,6.564301563,6.061969697,6.224144801,6.264387476,8.570515931,6.477794232,12.23533843,14.72915277,12.29374317
15.38096642,6.163553824,6.365434354,6.159397648,10.60069643,6.052770672,10.46261495,6.319506341,14.69834511,7.160586885,13.48139667,7.257362521,7.95695367,13.03107808,6.210823296,6.180375178,8.582801529,7.354491726,8.768435963,6.988037134,6.140850251,8.606547624,6.156035961,9.261851147,7.789788059,6.237949165,12.86547601,7.223360001,14.40386557,10.88847936,9.663089605,6.345760319,6.728540325,6.240204203,9.034836639,6.888368007,6.292842793,6.729942889,11.78384155,9.028085907,9.651600567,6.241300734,6.472598045,15.29408744,6.343878214,6.285760592,9.655347064,6.190660498,6.173807238,10.71791517,6.129355825,6.564151201,6.054805967,6.223876712,6.274315973,8.573949225,6.465674595,12.21845838,14.73174104,12.30494709
15.38043867,6.154950073,6.358054807,6.153966474,10.61297912,6.045527672,10.45104712,6.319851333,14.69917154,7.170544037,13.4939936,7.248749163,7.957515423,13.04101316,6.198777366,6.167727367,8.584807748,7.351189751,8.750856312,6.987016815,6.134675095,8.623787793,6.156431991,9.253829362,7.794921896,6.236904289,12.8752242,7.237890088,14.4034013,10.8975972,9.66176851,6.34267203,6.741022043,6.24186484,9.043875575,6.891428438,6.308379606,6.724922573,11.77240281,9.032132364,9.656566838,6.242169838,6.479533777,15.29431272,6.349012727,6.294630717,9.648371459,6.178654106,6.177732764,10.7069103,6.1286949,6.559281186,6.057023016,6.209329871,6.257154734,8.576440027,6.481549889,12.21737414,14.72412497,12.30643915
15.39496454,6.152804906,6.369473276,6.160865194,10.61001305,6.0498741,10.46156907,6.320102712,14.70446007,7.172330816,13.49833865,7.261168966,7.946349157,13.04418736,6.208338418,6.177307881,8.575193131,7.355503129,8.768330459,6.978024623,6.12356852,8.625589265,6.158144265,9.250031317,7.787071733,6.244471696,12.87496406,7.230694617,14.39660307,10.88704042,9.663750621,6.34336705,6.73758526,6.241009884,9.045631807,6.901481952,6.309062173,6.715991361,11.78541844,9.033104107,9.6528886,6.245904353,6.469496915,15.29491144,6.347533527,6.289732437,9.645048923,6.187063186,6.165904421,10.71801334,6.131677287,6.565015588,6.058309098,6.213663366,6.269747897,8.581905003,6.469346408,12.22085468,14.73060199,12.29007236
15.37992745,6.154540692,6.369054472,6.152049156,10.61955141,6.047533574,10.44565341,6.3233163,14.71123449,7.170431282,13.4800939,7.249993257,7.956239596,13.03568981,6.195817645,6.179240395,8.578149196,7.360083664,8.754030813,6.976923943,6.14024172,8.62110196,6.157581052,9.249328216,7.779962432,6.246087053,12.85834011,7.239110046,14.39855014,10.89717412,9.65978764,6.342405577,6.742564173,6.239867697,9.041846263,6.893363916,6.294701229,6.712181173,11.78723314,9.016685651,9.648828209,6.230457655,6.482024844,15.28261504,6.339198397,6.282754016,9.652700787,6.193171661,6.179069625,10.71239078,6.143048552,6.559616386,6.064199956,6.217846031,6.260480404,8.570680217,6.466609142,12.22639559,14.71870054,12.29676666
6.61108887,7.485693467,8.049950289,8.690455804,10.05825637,6.667618942,8.838688731,6.529737484,8.027397936,9.114368086,10.36878979,10.08097564,10.75015156,8.519089003,9.345445009,6.952448609,8.923030721,9.785898123,9.429372499,9.526235287,9.251330836,10.35540687,8.767193235,9.257989561,10.14869673,10.06305347,9.325701764,8.76699212,7.012902048,10.16038377,8.595756317,8.621648446,8.91753865,7.727284208,8.431761994,8.643839924,8.894969101,8.425272835,7.786587263,8.754568486,9.99334815,10.6607624,7.66657539,8.18184148,11.06627052,7.485145867,7.638323167,7.00093096,6.535421648,8.348848517,7.303237517,9.879345762,7.439242106,9.390110992,7.189462578,8.053268205,10.67214291,9.647880025,8.978128819,9.470976745
6.603036152,7.485788836,8.054829661,8.6913508,10.07678448,6.653023543,8.850252768,6.536952108,8.019023621,9.123563092,10.377002,10.08036553,10.76362255,8.521371126,9.342764035,6.958492024,8.912790429,9.782954892,9.423640127,9.522467399,9.251621158,10.35499806,8.759423502,9.269072462,10.15586679,10.05173711,9.335571538,8.780597193,7.010427481,10.15400083,8.607974464,8.611355004,8.932411889,7.723548662,8.421652918,8.649866732,8.894092922,8.410028928,7.792524329,8.753424973,9.993103995,10.66446897,7.674752926,8.186164146,11.055437,7.477602655,7.640067514,7.010996485,6.53715151,8.344853141,7.309856534,9.881053812,7.432377888,9.383617644,7.187698184,8.049579796,10.67118778,9.657067082,8.979531721,9.459694463
6.601931712,7.495137099,8.045789143,8.704503718,10.06427925,6.664273774,8.836273262,6.524873851,8.018644722,9.121308419,10.38406688,10.07123045,10.75520974,8.525134971,9.35545021,6.954792439,8.922837049,9.772738791,9.421458817,9.520683576,9.240285817,10.34852853,8.756478079,9.262082241,10.14272348,10.05124261,9.322402028,8.778117017,7.016290966,10.16013168,8.598592558,8.618966668,8.934241876,7.721235738,8.424858601,8.648612347,8.885564025,8.423507278,7.793671848,8.756429436,9.982032496,10.66369579,7.67450631,8.18872765,11.05751303,7.474969356,7.640389558,7.001269763,6.52715262,8.362793497,7.32004065,9.883693775,7.44347846,9.384754411,7.193864452,8.041271943,10.66268547,9.657893325,8.9754739,9.460228411
6.598271125,7.49108009,8.057275132,8.703858078,10.06017995,6.654645063,8.854289784,6.538116981,8.01329224,9.107355403,10.36872195,10.08330953,10.74600881,8.521861641,9.346733095,6.954539539,8.91270825,9.783858888,9.426492431,9.520153111,9.24756154,10.35018735,8.767156489,9.265683121,10.15008783,10.06349051,9.32589643,8.770298039,7.009561596,10.15862813,8.600724177,8.622832306,8.928594997,7.713186509,8.436306994,8.640497267,8.899361156,8.422457796,7.794119171,8.761788793,9.99560804,10.66517737,7.673603246,8.186130229,11.06164016,7.481496105,7.647611621,7.00463572,6.529677294,8.348281529,7.316593686,9.878088545,7.42907786,9.382481203,7.190455181,8.052151539,10.66887949,9.658511698,8.97606214,9.473893413
6.614558438,7.488084938,8.045853857,8.685129788,10.07740572,6.666501886,8.844971601,6.527043504,8.032273448,9.119631376,10.38325753,10.06961671,10.74976733,8.521337394,9.343763378,6.945181889,8.917573893,9.787154065,9.433108878,9.51316392,9.25371594,10.35135343,8.760793457,9.269628358,10.15462949,10.05126272,9.329656652,8.783883477,7.01712252,10.15855984,8.607805242,8.625129957,8.920762815,7.726258568,8.434354264,8.640352346,8.892634209,8.407356302,7.790220202,8.759632954,9.984790588,10.66047125,7.677146681,8.182014617,11.07076864,7.487895407,7.650091734,6.998353918,6.52675859,8.36042425,7.300364754,9.883729489,7.440282505,9.379457707,7.191550872,8.05675971,10.65615988,9.662613581,8.9932288,9.463679349
6.600273909,7.494200221,8.058660057,8.70235247,10.06596484,6.670332261,8.854046775,6.533474163,8.030151974,9.106672636,10.37189518,10.0749951,10.7545017,8.52720378,9.352339786,6.947757886,8.924373379,9.777482844,9.427895628,9.525618218,9.248578191,10.35152028,8.756454644,9.271465425,10.14872242,10.0489065,9.326476846,8.773100701,7.024778631,10.15593653,8.5936071,8.613359256,8.91620199,7.728956713,8.417804944,8.634149609,8.891206155,8.408676574,7.786185591,8.765220252,9.995024448,10.66126878,7.679389139,8.173821973,11.06780929,7.482427754,7.639127271,7.014535381,6.534278723,8.358238662,7.30914725,9.877592794,7.43792891,9.396308764,7.198239799,8.055528041,10.65726907,9.666249913,8.98996764,9.46686781
6.602518565,7.484965818,8.044269771,8.693652039,10.07122027,6.665962045,8.854056134,6.529224521,8.028663078,9.105951842,10.36944854,10.0757755,10.75111821,8.529255589,9.358874787,6.946645727,8.915478947,9.785448721,9.431061117,9.513561464,9.252060522,10.35033451,8.761435849,9.267632202,10.13853295,10.06003631,9.33493525,8.772048132,7.014465539,10.16189278,8.59959713,8.621723347,8.919171939,7.714791472,8.433656842,8.639633732,8.881048286,8.424187387,7.80078459,8.770305945,9.978560544,10.65657653,7.673331796,8.184631045,11.07006326,7.488039725,7.645032354,7.000275899,6.537000196,8.345448018,7.315913808,9.874655607,7.433257686,9.387223987,7.200708369,8.043063805,10.66842344,9.657358528,8.975452356,9.466273824
6.615854398,7.493749406,8.042375085,8.694431174,10.05859868,6.658940354,8.853386099,6.533000287,8.014768948,9.116828318,10.37518218,10.06734265,10.75027666,8.526191849,9.356075642,6.960916832,8.919125046,9.770391254,9.431007605,9.524347033,9.234566178,10.35694509,8.763475484,9.268154178,10.15558014,10.0467861,9.329634069,8.773213727,7.019947757,10.15590329,8.601729685,8.614444625,8.932030843,7.725765924,8.435158064,8.649294345,8.886014098,8.419874771,7.792039665,8.771983285,9.986711819,10.67252668,7.666289828,8.175881194,11.05396318,7.477516793,7.652161751,7.003905822,6.527980683,8.358111302,7.301170062,9.882381224,7.436524408,9.387787443,7.181689763,8.054005766,10.65724381,9.65275629,8.988529423,9.46346239
6.605685156,7.488392972,8.048940991,8.688092246,10.05768562,6.651365768,8.839709309,6.527089565,8.015729774,9.12230124,10.38261167,10.06556268,10.75288112,8.524047226,9.342857713,6.95359682,8.918962376,9.769433116,9.42784909,9.519376297,9.235159892,10.35929108,8.762874113,9.26492084,10.14057633,10.05537746,9.331964956,8.767074447,7.011478336,10.14818612,8.593276821,8.62882395,8.925263701,7.717070989,8.419203324,8.63284097,8.896106863,8.410086312,7.798771708,8.756470737,9.990563511,10.65859712,7.663007969,8.185703652,11.0658974,7.475879699,7.647415945,7.00568429,6.533701875,8.352662074,7.307040037,9.877674614,7.441945352,9.388313527,7.193672437,8.048947477,10.66112889,9.650800464,8.988171936,9.462862445
6.597328522,7.485408317,8.057288081,8.695750329,10.07456768,6.65925676,8.838549557,6.537619546,8.016299372,9.122788667,10.37290166,10.07069189,10.75812493,8.527488871,9.354389982,6.946023355,8.912697223,9.771508935,9.418094304,9.519410658,9.238973096,10.35776504,8.770454558,9.260263916,10.15502393,10.06054471,9.337219203,8.768088799,7.023862217,10.1458678,8.594139104,8.623730008,8.923485577,7.713471992,8.436164319,8.634668106,8.885116977,8.412817612,7.794052793,8.762133777,9.987350928,10.66220054,7.678673548,8.18016643,11.0607099,7.475726709,7.646256473,6.9968979,6.532738313,8.346219376,7.316871185,9.886387819,7.448149877,9.380156595,7.188937096,8.054228293,10.67072358,9.648580598,8.990377593,9.462807889
6.613303719,7.4966042,8.04285416,8.695989048,10.0578051,6.665410877,8.844708039,6.523924866,8.021250438,9.123836267,10.37826749,10.07830664,10.75597551,8.51327164,9.352745453,6.955550203,8.904611451,9.780214353,9.433273572,9.511251043,9.233976228,10.34456206,8.762268061,9.270736503,10.14560697,10.06116654,9.33455687,8.766362439,7.009165578,10.14600298,8.595391892,8.626498026,8.930657922,7.721666938,8.423274085,8.648765915,8.892074673,8.409237818,7.801476892,8.767428878,9.990388714,10.65789521,7.668879668,8.190202646,11.0612185,7.473125916,7.649977516,6.9990908,6.538884473,8.346671721,7.319484511,9.883484852,7.446584562,9.38749397,7.199286395,8.05576274,10.6594988,9.654716122,8.981313483,9.473467763
6.616331576,7.495900679,8.042360106,8.701300881,10.06283124,6.656993484,8.852812337,6.532384833,8.031881037,9.122205518,10.37598977,10.07072588,10.75991428,8.518166563,9.354047127,6.942584596,8.921883362,9.780741009,9.42332651,9.514116106,9.240616835,10.34959501,8.760547055,9.272484031,10.15034314,10.04931908,9.330832321,8.779215913,7.016569085,10.16053428,8.603928898,8.614208751,8.924475334,7.729190991,8.425729964,8.63530622,8.887207724,8.40960139,7.801608641,8.757047721,9.992234267,10.67002544,7.666829392,8.190741799,11.05578654,7.476161334,7.653105023,6.99711399,6.528449368,8.363475788,7.311264134,9.872316342,7.444978827,9.392095395,7.197515609,8.042728248,10.65495041,9.649234946,8.99215606,9.478890074
6.602961319,7.49185027,8.043610241,8.68743053,10.07134988,6.65247351,8.853281392,6.52195801,8.017572493,9.118555309,10.37889175,10.0665338,10.76200626,8.516822126,9.347860757,6.947588891,8.916583791,9.771750031,9.424940647,9.525055534,9.250180087,10.34996159,8.766465689,9.261202793,10.1536798,10.05537751,9.327313538,8.777481551,7.023942817,10.14302887,8.602432299,8.626075883,8.916466146,7.719528495,8.419844522,8.632714374,8.894512695,8.417757522,7.800491619,8.76462648,9.992977257,10.6714034,7.675328313,8.180965773,11.05942281,7.485112975,7.643473854,6.999981331,6.543807638,8.35983168,7.308744691,9.869434076,7.441062388,9.389661372,7.196843041,8.056599418,10.65554752,9.660297889,8.984210151,9.478053179
6.606640928,7.492038412,8.049379758,8.704657485,10.06834207,6.654648993,8.850467972,6.536476868,8.022162633,9.119693316,10.36875707,10.07452816,10.75934151,8.519822974,9.357454301,6.947034506,8.906843895,9.782732522,9.419675545,9.511384805,9.249963612,10.35816644,8.768452389,9.262519038,10.13917943,10.05467676,9.336074795,8.765546031,7.024511596,10.14692568,8.603294044,8.61983227,8.923055894,7.719248386,8.425495815,8.635549118,8.887696655,8.42026093,7.798366115,8.769115111,9.992575142,10.67218974,7.680093279,8.179447379,11.06986863,7.485432741,7.642559023,7.010024063,6.534344386,8.351487482,7.3062934,9.874793628,7.440970837,9.392812105,7.193947686,8.040015493,10.66152914,9.648721395,8.983966429,9.471806393
6.606038484,7.485332174,8.054577583,8.696464928,10.05939529,6.663595745,8.837577915,6.521620091,8.030652908,9.106423311,10.37936668,10.0751757,10.75517074,8.520622256,9.358895469,6.951319017,8.908684443,9.770069078,9.427018916,9.530735051,9.233962328,10.35172828,8.766465641,9.26074161,10.14822171,10.05370237,9.321272615,8.772857723,7.019582906,10.16089493,8.609144253,8.626056021,8.933726849,7.730876236,8.434215194,8.643418643,8.898228777,8.414739955,7.786777201,8.767566262,9.98492372,10.67049312,7.667839287,8.175136111,11.06860741,7.484524142,7.63755561,7.008525435,6.539022668,8.360764094,7.304530722,9.870196125,7.444769176,9.386465629,7.185458074,8.051284035,10.66148805,9.660635165,8.981193493,9.459187744
6.610728619,7.487611768,8.044817735,8.699668401,10.059435,6.65449018,8.838546375,6.529642059,8.018117959,9.119722878,10.37549902,10.06937131,10.76014093,8.510747158,9.352581198,6.95716308,8.910052414,9.785479036,9.420092792,9.522043472,9.242594276,10.36136911,8.767022621,9.267417711,10.13967453,10.05239003,9.339141228,8.78318726,7.026307479,10.14593677,8.60028024,8.627687619,8.919178167,7.729785905,8.418999164,8.645537157,8.891678417,8.420910739,7.803490372,8.770635404,9.994458493,10.67434971,7.661655703,8.182206088,11.05872738,7.486515809,7.643679423,7.009412613,6.535387929,8.360006436,7.314879197,9.880509549,7.445547005,9.379938175,7.200366438,8.057245943,10.67033479,9.658175152,8.979479806,9.463126505
6.603928299,7.492352712,8.049158428,8.691239075,10.07383465,6.662470857,8.854286093,6.537560888,8.016492239,9.119905246,10.38150686,10.06747017,10.75551003,8.517542507,9.35459156,6.954605226,8.914006244,9.768170109,9.417434774,9.515429728,9.253498251,10.35311067,8.757018256,9.265713426,10.1403976,10.05868415,9.338664944,8.775814231,7.013131564,10.15732879,8.611763146,8.61597911,8.92588381,7.727895919,8.424670067,8.634963118,8.889206772,8.409258925,7.786351027,8.753652236,9.986256382,10.67117263,7.675233847,8.182500501,11.06036566,7.482377858,7.641681311,7.000646084,6.544241344,8.354498053,7.319503464,9.873518052,7.442375544,9.379419403,7.193498065,8.058068233,10.67372156,9.665573572,8.978388191,9.472361386
6.616404318,7.490619007,8.054043846,8.704351995,10.06227678,6.659056426,8.843562167,6.529397308,8.021531979,9.122278721,10.38376769,10.07273829,10.74926964,8.528468535,9.356358232,6.956191601,8.910063734,9.78098625,9.422240631,9.515053496,9.234069905,10.34314095,8.759259499,9.26261213,10.1450144,10.06000698,9.324813806,8.779524069,7.015028209,10.15569688,8.60504958,8.61311572,8.928622996,7.722135121,8.429514072,8.650945438,8.897535388,8.414364881,7.789195595,8.770819682,9.984235056,10.66401702,7.671196599,8.179393683,11.06336744,7.48594528,7.64544446,7.011180556,6.534817192,8.34724958,7.304918003,9.870792519,7.447949054,9.394166448,7.200201973,8.044174157,10.67064572,9.658588052,8.984289177,9.474612284
6.616983364,7.485961214,8.061863632,8.688408603,10.06069413,6.666160718,8.852742584,6.529426446,8.022764798,9.117690149,10.38134683,10.06698914,10.75760033,8.512864259,9.355725516,6.960438252,8.9108914,9.786112842,9.417709588,9.528401425,9.240949022,10.35091362,8.762075909,9.253938215,10.14498119,10.05645354,9.321193489,8.779991067,7.019063108,10.15653512,8.594948633,8.623631898,8.928426491,7.719721637,8.428302737,8.638674495,8.883128021,8.414381694,7.791859814,8.75250508,9.98908164,10.66673625,7.661983299,8.183988019,11.05347991,7.473207269,7.648747785,7.006342552,6.543645113,8.36047371,7.315918671,9.885828442,7.440992981,9.393344165,7.195323336,8.057459731,10.66012808,9.660134998,8.98365612,9.473684128
6.611293276,7.504630646,8.055790724,8.687004536,10.07442354,6.656049252,8.847326964,6.522994911,8.01346272,9.105364131,10.36829747,10.06806656,10.76018969,8.514450022,9.352039167,6.944960614,8.91432889,9.778790511,9.420080946,9.515745718,9.245946535,10.34738586,8.762584004,9.267776673,10.13994623,10.05059841,9.323433688,8.775318296,7.021682203,10.14452582,8.602039296,8.613549503,8.930555407,7.726863347,8.424458549,8.639015244,8.883420327,8.422077197,7.797358984,8.753408977,9.997337206,10.6737693,7.663922549,8.1768656,11.06323436,7.48529197,7.648699313,7.004962182,6.544695078,8.350439699,7.305896543,9.879333806,7.43613155,9.394659998,7.182515733,8.055797088,10.67359397,9.655877541,8.983060158,9.460209123
6.597668373,7.491536973,8.04628232,8.693628453,10.07468783,6.655845917,8.84297611,6.530662468,8.030623819,9.118282557,10.37719568,10.07019922,10.76337478,8.528805404,9.354926812,6.947553925,8.917468804,9.770970328,9.430582037,9.53064259,9.247473377,10.35141314,8.767429368,9.270840995,10.15651218,10.06033888,9.331606309,8.773056623,7.016788502,10.1595498,8.592786988,8.617537564,8.916433514,7.729626991,8.43651197,8.640999877,8.882450467,8.417822653,7.786662865,8.770286372,9.98751549,10.66586443,7.68026448,8.174608495,11.06392089,7.475500162,7.648985668,7.013620001,6.526461506,8.355353632,7.319140615,9.87835616,7.434063111,9.395686686,7.193875621,8.051892426,10.66990811,9.666058695,8.980130316,9.472442736
6.613555014,7.486678258,8.06155872,8.687124336,10.06827364,6.6700374,8.840108738,6.535424369,8.029109965,9.112010294,10.3827085,10.08228024,10.76342929,8.519652255,9.350774924,6.954921721,8.905864152,9.774204551,9.417236523,9.513250761,9.237058062,10.35357209,8.759714596,9.263339368,10.15171241,10.05611999,9.327197077,8.77707595,7.020766181,10.15581357,8.608940237,8.616630237,8.917030095,7.724120537,8.427730811,8.63495845,8.880409513,8.419287062,7.800872523,8.75734294,9.9925456,10.65683612,7.679783534,8.188063046,11.05696447,7.485147928,7.656040418,7.011882515,6.527411045,8.345342083,7.304513477,9.882964962,7.438583572,9.392064805,7.194962396,8.05133929,10.6685208,9.649688891,8.97578898,9.465174378
6.600112883,7.489776919,8.061044102,8.686658772,10.06574738,6.670662594,8.84234374,6.533163848,8.032905526,9.11933741,10.38153347,10.07537965,10.75056975,8.520096043,9.358116304,6.951319989,8.907813006,9.775814018,9.426723185,9.520550196,9.251996696,10.35566229,8.755908997,9.254826088,10.14588497,10.04634266,9.334119154,8.771339771,7.01878325,10.14394573,8.606397149,8.619839012,8.932425897,7.71440388,8.42394021,8.640265905,8.89598313,8.417302917,7.791719616,8.763529166,9.98560806,10.65849506,7.668793978,8.186653389,11.07114038,7.476562528,7.637957408,6.997311156,6.545864777,8.353725772,7.314700112,9.881171049,7.434377066,9.387039648,7.190006808,8.048653635,10.66301465,9.664380185,8.985161724,9.471514556
6.615260689,7.495851357,8.042494442,8.696214551,10.06604505,6.652957982,8.854589437,6.524768472,8.024808395,9.113901292,10.37182849,10.08103229,10.76267592,8.517572008,9.340322939,6.955731472,8.905423992,9.783584758,9.424444211,9.525768521,9.238615014,10.34485732,8.767054221,9.261957685,10.1395681,10.06254673,9.325677837,8.765686698,7.009996127,10.14613587,8.606760313,8.628432373,8.930633187,7.720866068,8.422949301,8.645366109,8.894694639,8.422322107,7.788711409,8.764465419,9.980152213,10.65815503,7.673319741,8.190701309,11.0660772,7.48702161,7.648887108,7.007783594,6.541625443,8.358169758,7.313985672,9.88115841,7.442611466,9.385360933,7.199681696,8.052489854,10.6621673,9.650598525,8.986538168,9.472115049
6.616089217,7.501942088,8.043716607,8.696848042,10.07570064,6.664797235,8.849325901,6.524067888,8.030347368,9.108601431,10.37658007,10.07870289,10.75788677,8.525007905,9.35039818,6.945423678,8.914357804,9.778623889,9.419701798,9.513117584,9.237799899,10.35222793,8.76790235,9.266576111,10.13984528,10.06210487,9.339069975,8.780652183,7.016850597,10.14557045,8.607617134,8.628069405,8.916823262,7.729323351,8.431274971,8.636322116,8.893590363,8.417542207,7.789951926,8.763306693,9.983829794,10.66566914,7.662265675,8.19036771,11.0534824,7.480850665,7.646725797,7.007538263,6.54078377,8.363176479,7.311639309,9.873971857,7.4406343,9.378007479,7.19237229,8.055263525,10.65757898,9.658930284,8.984743598,9.467953294
6.614147734,7.496754026,8.053729395,8.691955778,10.07221993,6.666302296,8.848641272,6.534260116,8.025934312,9.123947196,10.37442733,10.06551473,10.74611155,8.524942137,9.347235267,6.951702033,8.923346869,9.778060356,9.427954073,9.529129982,9.23873223,10.3571938,8.763522484,9.26842971,10.14221505,10.04974051,9.330112624,8.772949069,7.022504724,10.14965301,8.597211892,8.610521441,8.925050525,7.727405541,8.419068215,8.638881708,8.888896949,8.410106043,7.80022283,8.755220107,9.997300242,10.65761907,7.675870195,8.179408784,11.06972827,7.487856729,7.638340742,7.012981768,6.527953316,8.353242419,7.31661463,9.885354077,7.428781864,9.385457921,7.198099991,8.048767754,10.66071916,9.655713113,8.987334045,9.465230655
6.601899592,7.49573962,8.059616189,8.699762604,10.06493239,6.667300142,8.853670845,6.538445407,8.014121936,9.117176802,10.38023131,10.06615308,10.76086781,8.514469139,9.342887614,6.95262328,8.907376983,9.776763658,9.433366461,9.526580782,9.250775521,10.36013444,8.763551498,9.259271653,10.14902723,10.05668972,9.340071167,8.772264145,7.023826817,10.15493444,8.601645785,8.612984539,8.916929951,7.727884126,8.429311744,8.642861317,8.883448179,8.424122586,7.799201033,8.76410338,9.992804647,10.66206577,7.664011264,8.193111147,11.06377406,7.485937043,7.650658636,7.00671125,6.535204194,8.363246043,7.319957306,9.876176144,7.446679976,9.396451273,7.195122967,8.047374752,10.65964135,9.650341243,8.990447,9.468160172
6.600193628,7.487898302,8.042130196,8.70183581,10.06646092,6.66204633,8.841404365,6.540851563,8.015142059,9.111392542,10.37465532,10.06670499,10.75185724,8.523219168,9.342027582,6.946164405,8.907022535,9.770639888,9.431371623,9.521605478,9.250415924,10.34256392,8.754113655,9.255446066,10.15707378,10.0535448,9.329735051,8.771632254,7.020801688,10.15424275,8.598898134,8.618699101,8.922011411,7.711898836,8.43099973,8.648092467,8.889945407,8.421053071,7.792216739,8.769887327,9.993387777,10.66193751,7.670515367,8.186734133,11.05652655,7.482615961,7.63809063,6.99736454,6.541154685,8.345891072,7.301803836,9.884333587,7.429437778,9.386887345,7.187396992,8.04658014,10.65769772,9.651023441,8.985111489,9.469554905
6.610725049,7.493412073,8.049831281,8.686291393,10.07520672,6.664546369,8.835545761,6.521610411,8.031500168,9.116575011,10.384695,10.08536715,10.76511922,8.515543719,9.349420491,6.942043916,8.918920356,9.769666092,9.429548663,9.525276627,9.234556744,10.35075602,8.762679774,9.264220778,10.15232234,10.05509398,9.327078971,8.78211671,7.008042644,10.15432706,8.598379481,8.627326635,8.923937053,7.71250622,8.432578159,8.649207847,8.898971813,8.415590016,7.80338224,8.771260893,9.985194301,10.65783462,7.675492333,8.184595855,11.05800773,7.469461374,7.643862037,7.013306239,6.533960841,8.357963295,7.310174239,9.878965084,7.441725059,9.395227473,7.199485835,8.051955479,10.65913857,9.65906639,8.982806037,9.478808922
6.60012329,7.491142144,8.056052581,8.693697462,10.07496775,6.667094875,8.843766073,6.53576617,8.029039406,9.111459819,10.38188547,10.08037628,10.76334334,8.525986024,9.345888773,6.9469552,8.923637887,9.76945285,9.425160273,9.525952542,9.252721595,10.34914032,8.754146652,9.265756343,10.15076348,10.06025304,9.338890618,8.769587852,7.024230881,10.16164613,8.597970935,8.617167468,8.920107423,7.728201072,8.418973488,8.642252296,8.882614786,8.420189203,7.804999986,8.762801872,9.990891581,10.67500404,7.670018137,8.176137401,11.07199111,7.472865856,7.649189869,6.998495267,6.526110814,8.362318993,7.314285887,9.881935854,7.44744965,9.387547494,7.191827489,8.050934404,10.67305079,9.655331893,8.982047754,9.465791733
